name,threads,time
2d-sorted,0,26.7562
2d-sorted,1,29.0288
2d-sorted,2,17.247
2d-sorted,3,13.4025
2d-sorted,4,11.3836
2d-sorted,5,7.47187
2d-sorted,6,5.58433
2d-sorted,7,5.14381
2d-sorted,8,4.38529
2d-sorted,9,3.56084
2d-sorted,10,3.33782
2d-sorted,11,2.74711
2d-sorted,12,2.75761
2d-sorted,13,2.51385
2d-sorted,14,2.41085
2d-sorted,15,1.97766
2d-sorted,16,2.09158
2d-sum,0,28.3487
2d-sum,1,29.894
2d-sum,2,22.0491
2d-sum,3,15.4243
2d-sum,4,10.2417
2d-sum,5,8.7355
2d-sum,6,5.70019
2d-sum,7,4.78077
2d-sum,8,4.28407
2d-sum,9,3.77931
2d-sum,10,3.53232
2d-sum,11,2.78703
2d-sum,12,2.77739
2d-sum,13,2.54078
2d-sum,14,2.51707
2d-sum,15,2.23473
2d-sum,16,2.17498
gradient1,0,15.0374
gradient1,1,12.8913
gradient1,2,6.49662
gradient1,3,4.29117
gradient1,4,3.27754
gradient1,5,2.58754
gradient1,6,2.15936
gradient1,7,1.81239
gradient1,8,1.6279
gradient1,9,1.4354
gradient1,10,1.29683
gradient1,11,1.17576
gradient1,12,1.08703
gradient1,13,0.994495
gradient1,14,0.942507
gradient1,15,0.860118
gradient1,16,0.807074
gradient2,0,12.9313
gradient2,1,12.8923
gradient2,2,6.46602
gradient2,3,4.31315
gradient2,4,3.23178
gradient2,5,2.56885
gradient2,6,2.15171
gradient2,7,1.8426
gradient2,8,1.5934
gradient2,9,1.47395
gradient2,10,1.29747
gradient2,11,1.18844
gradient2,12,1.07982
gradient2,13,1.01349
gradient2,14,0.924042
gradient2,15,0.859413
gradient2,16,0.822718
minmax,0,25.752
minmax,1,26.6771
minmax,2,15.1449
minmax,3,9.95257
minmax,4,8.95884
minmax,5,6.36188
minmax,6,4.95276
minmax,7,3.77516
minmax,8,3.84452
minmax,9,3.56396
minmax,10,2.99019
minmax,11,2.80421
minmax,12,2.46
minmax,13,2.29007
minmax,14,2.18626
minmax,15,1.95865
minmax,16,1.98979
2d-sorted,0,26.7441
2d-sorted,1,28.9569
2d-sorted,2,19.4082
2d-sorted,3,13.6083
2d-sorted,4,8.40909
2d-sorted,5,7.22473
2d-sorted,6,6.09317
2d-sorted,7,4.72663
2d-sorted,8,4.378
2d-sorted,9,3.66055
2d-sorted,10,3.19559
2d-sorted,11,3.18675
2d-sorted,12,2.66838
2d-sorted,13,2.7275
2d-sorted,14,2.53589
2d-sorted,15,2.05694
2d-sorted,16,2.06494
2d-sum,0,28.2579
2d-sum,1,29.7852
2d-sum,2,17.4202
2d-sum,3,13.5338
2d-sum,4,9.16482
2d-sum,5,6.72907
2d-sum,6,5.77794
2d-sum,7,5.03234
2d-sum,8,4.28565
2d-sum,9,3.51275
2d-sum,10,3.60767
2d-sum,11,3.41359
2d-sum,12,2.89982
2d-sum,13,2.60003
2d-sum,14,2.34323
2d-sum,15,2.18087
2d-sum,16,2.01377
gradient1,0,15.1112
gradient1,1,12.9179
gradient1,2,6.497
gradient1,3,4.31327
gradient1,4,3.23114
gradient1,5,2.56683
gradient1,6,2.13791
gradient1,7,1.8425
gradient1,8,1.58283
gradient1,9,1.45618
gradient1,10,1.29162
gradient1,11,1.20961
gradient1,12,1.0794
gradient1,13,1.01398
gradient1,14,0.925343
gradient1,15,0.859706
gradient1,16,0.814839
gradient2,0,12.9636
gradient2,1,12.8863
gradient2,2,6.45475
gradient2,3,4.32301
gradient2,4,3.21375
gradient2,5,2.54979
gradient2,6,2.10948
gradient2,7,1.83319
gradient2,8,1.62938
gradient2,9,1.43555
gradient2,10,1.31975
gradient2,11,1.17353
gradient2,12,1.1157
gradient2,13,0.997664
gradient2,14,0.937931
gradient2,15,0.862904
gradient2,16,0.809825
minmax,0,25.7082
minmax,1,26.7683
minmax,2,15.1303
minmax,3,12.0152
minmax,4,8.68579
minmax,5,5.92712
minmax,6,4.70497
minmax,7,4.15823
minmax,8,3.88318
minmax,9,3.46904
minmax,10,2.99993
minmax,11,2.59963
minmax,12,2.58228
minmax,13,2.20114
minmax,14,2.1501
minmax,15,1.93525
minmax,16,1.85856
minmax-col,0,52.8103
minmax-col,1,51.4013
minmax-col,2,27.0787
minmax-col,3,19.0219
minmax-col,4,15.2478
minmax-col,5,11.1826
minmax-col,6,9.1744
minmax-col,7,8.12745
minmax-col,8,6.88259
minmax-col,9,6.48259
minmax-col,10,5.50827
minmax-col,11,5.21326
minmax-col,12,4.7012
minmax-col,13,4.43607
minmax-col,14,3.94241
minmax-col,15,4.02052
minmax-col,16,3.61981
max-left-rect,0,41.8781
max-left-rect,1,48.067
max-left-rect,2,30.8627
max-left-rect,3,18.5593
max-left-rect,4,14.4688
max-left-rect,5,11.3942
max-left-rect,6,8.54612
max-left-rect,7,7.28156
max-left-rect,8,6.6154
max-left-rect,9,5.85572
max-left-rect,10,5.71367
max-left-rect,11,4.96264
max-left-rect,12,4.34135
max-left-rect,13,4.21706
max-left-rect,14,3.72868
max-left-rect,15,3.84172
max-left-rect,16,3.46744
max-left-rect,0,35.4248
max-left-rect,1,44.8512
max-left-rect,2,29.8975
max-left-rect,3,18.4438
max-left-rect,4,12.9621
max-left-rect,5,10.2506
max-left-rect,6,8.19853
max-left-rect,7,7.26165
max-left-rect,8,6.67691
max-left-rect,9,5.39768
max-left-rect,10,4.93986
max-left-rect,11,4.92498
max-left-rect,12,4.26012
max-left-rect,13,3.65871
max-left-rect,14,3.69615
max-left-rect,15,3.41103
max-left-rect,16,3.08818
max-bot-strip,0,28.3618
max-bot-strip,1,36.4762
max-bot-strip,2,22.4712
max-bot-strip,3,16.4495
max-bot-strip,4,10.186
max-bot-strip,5,7.86742
max-bot-strip,6,7.52215
max-bot-strip,7,5.98857
max-bot-strip,8,5.41317
max-bot-strip,9,4.74948
max-bot-strip,10,4.27688
max-bot-strip,11,3.70212
max-bot-strip,12,3.48934
max-bot-strip,13,3.34873
max-bot-strip,14,2.97972
max-bot-strip,15,2.68437
max-bot-strip,16,2.76149
max-seg-strip,0,28.5399
max-seg-strip,1,36.491
max-seg-strip,2,21.6011
max-seg-strip,3,15.7297
max-seg-strip,4,12.2912
max-seg-strip,5,7.91574
max-seg-strip,6,6.78819
max-seg-strip,7,6.09781
max-seg-strip,8,5.17766
max-seg-strip,9,4.65981
max-seg-strip,10,4.37768
max-seg-strip,11,4.02243
max-seg-strip,12,3.73471
max-seg-strip,13,3.20528
max-seg-strip,14,2.85414
max-seg-strip,15,2.80819
max-seg-strip,16,2.67122
max-top-box,0,56.9068
max-top-box,1,73.2879
max-top-box,2,38.3193
max-top-box,3,30.3275
max-top-box,4,18.9241
max-top-box,5,15.4571
max-top-box,6,12.8113
max-top-box,7,10.2502
max-top-box,8,9.19376
max-top-box,9,8.59547
max-top-box,10,7.78401
max-top-box,11,7.10272
max-top-box,12,6.61002
max-top-box,13,5.76346
max-top-box,14,5.62336
max-top-box,15,4.98177
max-top-box,16,4.59849
max-bottom-box,0,26.8961
max-bottom-box,1,29.7034
max-bottom-box,2,16.6076
max-bottom-box,3,12.3204
max-bottom-box,4,8.1567
max-bottom-box,5,6.47922
max-bottom-box,6,5.41809
max-bottom-box,7,4.7207
max-bottom-box,8,4.01013
max-bottom-box,9,3.50622
max-bottom-box,10,3.2697
max-bottom-box,11,3.03371
max-bottom-box,12,2.74724
max-bottom-box,13,2.5109
max-bottom-box,14,2.27379
max-bottom-box,15,2.17725
max-bottom-box,16,2.0416
max-top-box,0,27.1527
max-top-box,1,26.8827
max-top-box,2,15.636
max-top-box,3,10.4863
max-top-box,4,8.02356
max-top-box,5,5.85458
max-top-box,6,4.70832
max-top-box,7,3.86517
max-top-box,8,3.68245
max-top-box,9,3.26533
max-top-box,10,2.93237
max-top-box,11,2.66432
max-top-box,12,2.40173
max-top-box,13,2.20727
max-top-box,14,2.0688
max-top-box,15,1.93404
max-top-box,16,1.83452
mtlr,0,20.6879
mtlr,1,39.2406
mtlr,2,21.1214
mtlr,3,15.108
mtlr,4,10.8302
mtlr,5,8.83184
mtlr,6,7.58637
mtlr,7,6.37623
mtlr,8,5.61315
mtlr,9,4.92019
mtlr,10,4.46883
mtlr,11,4.39626
mtlr,12,3.89579
mtlr,13,3.5718
mtlr,14,3.34471
mtlr,15,3.07572
mtlr,16,2.90959
mtrr,0,35.4973
mtrr,1,46.3718
mtrr,2,24.7133
mtrr,3,17.6686
mtrr,4,12.2467
mtrr,5,10.7008
mtrr,6,8.50169
mtrr,7,7.26914
mtrr,8,6.2329
mtrr,9,5.4793
mtrr,10,4.92372
mtrr,11,4.58294
mtrr,12,4.28328
mtrr,13,3.94296
mtrr,14,3.60587
mtrr,15,3.38843
mtrr,16,3.24023
2d-sorted,0,26.9881
2d-sorted,1,28.9513
2d-sorted,2,16.5968
2d-sorted,3,14.7815
2d-sorted,4,8.60729
2d-sorted,5,7.58527
2d-sorted,6,5.93892
2d-sorted,7,4.24129
2d-sorted,8,4.1178
2d-sorted,9,3.74496
2d-sorted,10,3.50626
2d-sorted,11,3.25995
2d-sorted,12,2.87833
2d-sorted,13,2.64822
2d-sorted,14,2.47341
2d-sorted,15,2.469
2d-sorted,16,2.29412
2d-sum,0,28.2529
2d-sum,1,29.93
2d-sum,2,18.2833
2d-sum,3,15.0825
2d-sum,4,10.4864
2d-sum,5,6.38773
2d-sum,6,5.28762
2d-sum,7,5.39134
2d-sum,8,4.42279
2d-sum,9,3.80584
2d-sum,10,3.44377
2d-sum,11,3.34588
2d-sum,12,2.95739
2d-sum,13,2.61084
2d-sum,14,2.34971
2d-sum,15,2.3398
2d-sum,16,2.03713
gradient1,0,15.0421
gradient1,1,12.8901
gradient1,2,6.48379
gradient1,3,4.28172
gradient1,4,3.2327
gradient1,5,2.56927
gradient1,6,2.12232
gradient1,7,1.81841
gradient1,8,1.60909
gradient1,9,1.43556
gradient1,10,1.29898
gradient1,11,1.17385
gradient1,12,1.10526
gradient1,13,0.995587
gradient1,14,0.942844
gradient1,15,0.861024
gradient1,16,0.806967
gradient2,0,12.9293
gradient2,1,12.9265
gradient2,2,6.50911
gradient2,3,4.33273
gradient2,4,3.22677
gradient2,5,2.58058
gradient2,6,2.14691
gradient2,7,1.83857
gradient2,8,1.58441
gradient2,9,1.4664
gradient2,10,1.29499
gradient2,11,1.18574
gradient2,12,1.08083
gradient2,13,1.03472
gradient2,14,0.925382
gradient2,15,0.863065
gradient2,16,0.818987
minmax,0,25.8219
minmax,1,26.7907
minmax,2,16.4748
minmax,3,12.1599
minmax,4,8.89111
minmax,5,7.22812
minmax,6,5.57544
minmax,7,5.16413
minmax,8,4.10843
minmax,9,3.67636
minmax,10,3.07321
minmax,11,2.56963
minmax,12,2.80201
minmax,13,2.30976
minmax,14,2.14815
minmax,15,2.15935
minmax,16,1.82577
minmax-col,0,52.7724
minmax-col,1,51.9134
minmax-col,2,28.2217
minmax-col,3,19.3592
minmax-col,4,15.4023
minmax-col,5,11.968
minmax-col,6,9.02864
minmax-col,7,7.92463
minmax-col,8,7.11119
minmax-col,9,6.15563
minmax-col,10,5.62833
minmax-col,11,5.36259
minmax-col,12,4.65508
minmax-col,13,4.10013
minmax-col,14,4.23945
minmax-col,15,3.82994
minmax-col,16,3.48593
max-left-rect,0,41.9278
max-left-rect,1,46.9908
max-left-rect,2,28.4764
max-left-rect,3,18.64
max-left-rect,4,12.7161
max-left-rect,5,10.8696
max-left-rect,6,8.92997
max-left-rect,7,7.82532
max-left-rect,8,6.46686
max-left-rect,9,5.90001
max-left-rect,10,5.3382
max-left-rect,11,4.7707
max-left-rect,12,4.31261
max-left-rect,13,3.96252
max-left-rect,14,3.84936
max-left-rect,15,3.5376
max-left-rect,16,3.45317
max-left-rect,0,38.9639
max-left-rect,1,44.993
max-left-rect,2,25.9517
max-left-rect,3,21.8067
max-left-rect,4,12.9551
max-left-rect,5,10.0524
max-left-rect,6,7.77779
max-left-rect,7,6.78521
max-left-rect,8,5.90436
max-left-rect,9,5.56756
max-left-rect,10,5.1521
max-left-rect,11,4.19125
max-left-rect,12,4.25908
max-left-rect,13,3.52655
max-left-rect,14,3.75258
max-left-rect,15,3.28351
max-left-rect,16,2.9889
max-bot-strip,0,28.6593
max-bot-strip,1,36.4675
max-bot-strip,2,22.8824
max-bot-strip,3,16.5514
max-bot-strip,4,11.8372
max-bot-strip,5,8.90876
max-bot-strip,6,6.98046
max-bot-strip,7,5.83897
max-bot-strip,8,5.51428
max-bot-strip,9,4.6663
max-bot-strip,10,4.29254
max-bot-strip,11,3.6964
max-bot-strip,12,3.50023
max-bot-strip,13,3.19351
max-bot-strip,14,2.85754
max-bot-strip,15,2.74675
max-bot-strip,16,2.66375
max-seg-strip,0,28.5374
max-seg-strip,1,36.4235
max-seg-strip,2,20.8345
max-seg-strip,3,16.0564
max-seg-strip,4,12.7978
max-seg-strip,5,8.65312
max-seg-strip,6,7.58176
max-seg-strip,7,5.90564
max-seg-strip,8,5.54586
max-seg-strip,9,4.69326
max-seg-strip,10,4.34855
max-seg-strip,11,3.88767
max-seg-strip,12,3.49926
max-seg-strip,13,3.20951
max-seg-strip,14,2.87075
max-seg-strip,15,2.69165
max-seg-strip,16,2.64116
max-top-box,0,57.0401
max-top-box,1,68.2774
max-top-box,2,41.0223
max-top-box,3,30.8808
max-top-box,4,21.7503
max-top-box,5,14.7797
max-top-box,6,12.734
max-top-box,7,10.1522
max-top-box,8,9.10718
max-top-box,9,7.82915
max-top-box,10,7.31809
max-top-box,11,7.46012
max-top-box,12,6.0358
max-top-box,13,5.73979
max-top-box,14,5.21505
max-top-box,15,4.87904
max-top-box,16,4.81123
max-bottom-box,0,26.9501
max-bottom-box,1,29.8303
max-bottom-box,2,17.4027
max-bottom-box,3,12.1892
max-bottom-box,4,9.0659
max-bottom-box,5,6.83526
max-bottom-box,6,5.38416
max-bottom-box,7,4.73307
max-bottom-box,8,4.4023
max-bottom-box,9,3.71008
max-bottom-box,10,3.3398
max-bottom-box,11,3.00062
max-bottom-box,12,2.78428
max-bottom-box,13,2.51478
max-bottom-box,14,2.25747
max-bottom-box,15,2.1038
max-bottom-box,16,1.9863
max-top-box,0,29.153
max-top-box,1,27.0077
max-top-box,2,15.169
max-top-box,3,10.2769
max-top-box,4,8.96332
max-top-box,5,5.88198
max-top-box,6,4.77508
max-top-box,7,4.04479
max-top-box,8,3.70106
max-top-box,9,3.48892
max-top-box,10,2.98637
max-top-box,11,2.60228
max-top-box,12,2.44677
max-top-box,13,2.26831
max-top-box,14,2.0051
max-top-box,15,1.94224
max-top-box,16,1.80851
mtlr,0,20.6749
mtlr,1,39.2302
mtlr,2,20.9525
mtlr,3,14.6229
mtlr,4,11.356
mtlr,5,8.71607
mtlr,6,7.21619
mtlr,7,6.23029
mtlr,8,5.49478
mtlr,9,4.80421
mtlr,10,4.44357
mtlr,11,4.14379
mtlr,12,3.81047
mtlr,13,3.57585
mtlr,14,3.28544
mtlr,15,3.24125
mtlr,16,2.86192
mtrr,0,35.6631
mtrr,1,46.4074
mtrr,2,24.4533
mtrr,3,17.4131
mtrr,4,13.2487
mtrr,5,9.99389
mtrr,6,8.46637
mtrr,7,7.11506
mtrr,8,6.47381
mtrr,9,5.57539
mtrr,10,5.12453
mtrr,11,4.67406
mtrr,12,4.14904
mtrr,13,3.71001
mtrr,14,3.74075
mtrr,15,3.32154
mtrr,16,3.14322
saddle-point,0,33.9736
saddle-point,1,41.6209
saddle-point,2,21.7694
saddle-point,3,15.2499
saddle-point,4,11.1628
saddle-point,5,9.46133
saddle-point,6,7.84431
saddle-point,7,6.31941
saddle-point,8,5.62601
saddle-point,9,4.93787
saddle-point,10,4.48562
saddle-point,11,4.07329
saddle-point,12,4.0417
saddle-point,13,3.52873
saddle-point,14,3.29689
saddle-point,15,3.04022
saddle-point,16,2.98191
mode,0,17.7987
mode,1,22.9679
mode,2,11.4775
mode,3,7.66543
mode,4,5.74562
mode,5,4.60242
mode,6,3.8331
mode,7,3.27719
mode,8,2.90227
mode,9,2.63395
mode,10,2.35004
mode,11,2.1133
mode,12,1.97116
mode,13,1.81034
mode,14,1.67808
mode,15,1.58805
mode,16,1.47679
overlapping-ranges,0,28.923
overlapping-ranges,1,37.15
overlapping-ranges,2,20.1552
overlapping-ranges,3,14.6157
overlapping-ranges,4,11.2878
overlapping-ranges,5,8.60561
overlapping-ranges,6,6.86792
overlapping-ranges,7,5.89452
overlapping-ranges,8,5.09895
overlapping-ranges,9,4.43225
overlapping-ranges,10,3.90171
overlapping-ranges,11,3.71348
overlapping-ranges,12,3.34594
overlapping-ranges,13,3.15857
overlapping-ranges,14,3.00327
overlapping-ranges,15,2.74487
overlapping-ranges,16,2.54054
pyramid-ranges,0,28.9467
pyramid-ranges,1,37.1613
pyramid-ranges,2,19.9442
pyramid-ranges,3,15.2382
pyramid-ranges,4,10.5143
pyramid-ranges,5,8.86475
pyramid-ranges,6,7.09954
pyramid-ranges,7,5.7047
pyramid-ranges,8,4.83202
pyramid-ranges,9,4.36541
pyramid-ranges,10,4.11796
pyramid-ranges,11,3.50677
pyramid-ranges,12,3.30948
pyramid-ranges,13,3.02539
pyramid-ranges,14,2.87634
pyramid-ranges,15,2.73681
pyramid-ranges,16,2.58608
increasing-ranges,0,28.918
increasing-ranges,1,43.704
increasing-ranges,2,23.6979
increasing-ranges,3,16.1793
increasing-ranges,4,12.397
increasing-ranges,5,9.87211
increasing-ranges,6,7.88642
increasing-ranges,7,6.87328
increasing-ranges,8,5.90908
increasing-ranges,9,5.28873
increasing-ranges,10,4.68884
increasing-ranges,11,4.39613
increasing-ranges,12,3.91422
increasing-ranges,13,3.74005
increasing-ranges,14,3.32237
increasing-ranges,15,3.14095
increasing-ranges,16,3.01275
max-balanced-substr,0, 13.4985
max-balanced-substr,1, 15.2858
max-balanced-substr,2, 7.62391
max-balanced-substr,3, 5.08209
max-balanced-substr,4, 3.81171
max-balanced-substr,5, 3.05574
max-balanced-substr,6, 2.55562
max-balanced-substr,7, 2.19605
max-balanced-substr,8, 1.92022
max-balanced-substr,9, 1.71793
max-balanced-substr,10, 1.57649
max-balanced-substr,11, 1.4315
max-balanced-substr,12, 1.2964
max-balanced-substr,13, 1.21454
max-balanced-substr,14, 1.1105
max-balanced-substr,15, 1.04476
max-balanced-substr,16, 0.975415
well-balanced,0, 24.4691
well-balanced,1, 34.9944
well-balanced,2, 17.7421
well-balanced,3, 12.2614
well-balanced,4, 9.05785
well-balanced,5, 7.33885
well-balanced,6, 6.16793
well-balanced,7, 5.22633
well-balanced,8, 4.57037
well-balanced,9, 4.07057
well-balanced,10, 3.65757
well-balanced,11, 3.28376
well-balanced,12, 3.05085
well-balanced,13, 2.80759
well-balanced,14, 2.62483
well-balanced,15, 2.43654
well-balanced,16, 2.26311
2d-sorted,0,26.7893
2d-sorted,1,28.6094
2d-sorted,2,18.4637
2d-sorted,3,11.0544
2d-sorted,4,9.08632
2d-sorted,5,7.09355
2d-sorted,6,5.17252
2d-sorted,7,4.62901
2d-sorted,8,4.36783
2d-sorted,9,3.4897
2d-sorted,10,3.3569
2d-sorted,11,2.58173
2d-sorted,12,2.73829
2d-sorted,13,2.79536
2d-sorted,14,2.21766
2d-sorted,15,1.95739
2d-sorted,16,1.91663
2d-sorted,17,1.8507
2d-sorted,18,1.99666
2d-sorted,19,1.79474
2d-sorted,20,1.6244
2d-sorted,21,1.37918
2d-sorted,22,1.53278
2d-sorted,23,1.21006
2d-sorted,24,1.33661
2d-sorted,25,1.33425
2d-sorted,26,1.38396
2d-sorted,27,1.16453
2d-sorted,28,1.22237
2d-sorted,29,1.27823
2d-sorted,30,1.17823
2d-sorted,31,1.09144
2d-sorted,32,1.02386
2d-sum,0,28.4317
2d-sum,1,29.4954
2d-sum,2,21.8288
2d-sum,3,13.991
2d-sum,4,9.59861
2d-sum,5,8.16616
2d-sum,6,6.36154
2d-sum,7,4.61539
2d-sum,8,4.32323
2d-sum,9,3.69544
2d-sum,10,3.83684
2d-sum,11,3.041
2d-sum,12,2.95912
2d-sum,13,2.79338
2d-sum,14,2.44726
2d-sum,15,2.33918
2d-sum,16,2.19258
2d-sum,17,2.10988
2d-sum,18,1.96233
2d-sum,19,1.84969
2d-sum,20,1.98097
2d-sum,21,1.79214
2d-sum,22,1.45488
2d-sum,23,1.5539
2d-sum,24,1.435
2d-sum,25,1.53522
2d-sum,26,1.28153
2d-sum,27,1.27877
2d-sum,28,1.12208
2d-sum,29,1.1223
2d-sum,30,1.23067
2d-sum,31,1.03662
2d-sum,32,1.15162
gradient1,0,14.5275
gradient1,1,12.8916
gradient1,2,6.50239
gradient1,3,4.3043
gradient1,4,3.21517
gradient1,5,2.58757
gradient1,6,2.13749
gradient1,7,1.81522
gradient1,8,1.62326
gradient1,9,1.45908
gradient1,10,1.29654
gradient1,11,1.18714
gradient1,12,1.08035
gradient1,13,0.992661
gradient1,14,0.944108
gradient1,15,0.860155
gradient1,16,0.808564
gradient1,17,0.788194
gradient1,18,0.716762
gradient1,19,0.678747
gradient1,20,0.6635
gradient1,21,0.620082
gradient1,22,0.586079
gradient1,23,0.562913
gradient1,24,0.540542
gradient1,25,0.526753
gradient1,26,0.496322
gradient1,27,0.475809
gradient1,28,0.463111
gradient1,29,0.445128
gradient1,30,0.458771
gradient1,31,0.422406
gradient1,32,0.409212
gradient2,0,12.9433
gradient2,1,12.9051
gradient2,2,6.49336
gradient2,3,4.28688
gradient2,4,3.21901
gradient2,5,2.57412
gradient2,6,2.1377
gradient2,7,1.80875
gradient2,8,1.61187
gradient2,9,1.45164
gradient2,10,1.29342
gradient2,11,1.186
gradient2,12,1.07756
gradient2,13,0.991053
gradient2,14,0.94284
gradient2,15,0.860547
gradient2,16,0.805884
gradient2,17,0.780524
gradient2,18,0.718361
gradient2,19,0.680357
gradient2,20,0.655409
gradient2,21,0.617269
gradient2,22,0.587735
gradient2,23,0.565218
gradient2,24,0.537428
gradient2,25,0.549964
gradient2,26,0.502345
gradient2,27,0.47885
gradient2,28,0.463799
gradient2,29,0.448999
gradient2,30,0.451835
gradient2,31,0.421189
gradient2,32,0.411219
minmax,0,25.813
minmax,1,26.7866
minmax,2,16.007
minmax,3,10.4768
minmax,4,8.48632
minmax,5,6.19494
minmax,6,5.47405
minmax,7,4.35136
minmax,8,3.96191
minmax,9,3.47884
minmax,10,2.8071
minmax,11,2.61263
minmax,12,2.77142
minmax,13,2.3822
minmax,14,2.1333
minmax,15,1.98812
minmax,16,2.08166
minmax,17,1.62799
minmax,18,1.47813
minmax,19,1.42814
minmax,20,1.39597
minmax,21,1.54838
minmax,22,1.50346
minmax,23,1.37526
minmax,24,1.24436
minmax,25,1.14651
minmax,26,1.1857
minmax,27,1.18366
minmax,28,0.98718
minmax,29,1.02449
minmax,30,1.1399
minmax,31,1.02313
minmax,32,1.01381
minmax-col,0,52.7719
minmax-col,1,54.4068
minmax-col,2,27.6353
minmax-col,3,19.2924
minmax-col,4,15.1672
minmax-col,5,11.4567
minmax-col,6,9.55824
minmax-col,7,7.99514
minmax-col,8,6.93773
minmax-col,9,6.268
minmax-col,10,5.39973
minmax-col,11,5.12648
minmax-col,12,4.48089
minmax-col,13,4.44503
minmax-col,14,4.21797
minmax-col,15,4.09932
minmax-col,16,3.92319
minmax-col,17,3.49878
minmax-col,18,3.331
minmax-col,19,3.10815
minmax-col,20,3.02776
minmax-col,21,3.09087
minmax-col,22,2.82429
minmax-col,23,2.58487
minmax-col,24,3.024
minmax-col,25,2.56337
minmax-col,26,2.69205
minmax-col,27,2.51821
minmax-col,28,2.29691
minmax-col,29,2.41271
minmax-col,30,2.19024
minmax-col,31,2.6269
minmax-col,32,2.44277
max-left-rect,0,41.9717
max-left-rect,1,47.1327
max-left-rect,2,28.5626
max-left-rect,3,16.9114
max-left-rect,4,15.0719
max-left-rect,5,10.3696
max-left-rect,6,9.37216
max-left-rect,7,7.55542
max-left-rect,8,6.52653
max-left-rect,9,6.02319
max-left-rect,10,5.52182
max-left-rect,11,4.83774
max-left-rect,12,4.55385
max-left-rect,13,4.09449
max-left-rect,14,3.94584
max-left-rect,15,3.72294
max-left-rect,16,3.52818
max-left-rect,17,3.14503
max-left-rect,18,2.99142
max-left-rect,19,2.97611
max-left-rect,20,2.74928
max-left-rect,21,2.91115
max-left-rect,22,2.92339
max-left-rect,23,2.78308
max-left-rect,24,2.6189
max-left-rect,25,2.59172
max-left-rect,26,2.57338
max-left-rect,27,2.44279
max-left-rect,28,2.29704
max-left-rect,29,2.21426
max-left-rect,30,2.30327
max-left-rect,31,2.38411
max-left-rect,32,2.29526
max-left-rect,0,35.7942
max-left-rect,1,44.8829
max-left-rect,2,26.8645
max-left-rect,3,18.2674
max-left-rect,4,13.4199
max-left-rect,5,10.5713
max-left-rect,6,7.76972
max-left-rect,7,6.81006
max-left-rect,8,5.79635
max-left-rect,9,5.34427
max-left-rect,10,4.94878
max-left-rect,11,4.68993
max-left-rect,12,3.83793
max-left-rect,13,3.62697
max-left-rect,14,3.96036
max-left-rect,15,3.17924
max-left-rect,16,2.91654
max-left-rect,17,2.83703
max-left-rect,18,2.76201
max-left-rect,19,2.54248
max-left-rect,20,2.56459
max-left-rect,21,2.35871
max-left-rect,22,2.35342
max-left-rect,23,2.05321
max-left-rect,24,2.36559
max-left-rect,25,2.37388
max-left-rect,26,2.01456
max-left-rect,27,1.97058
max-left-rect,28,1.96938
max-left-rect,29,1.79362
max-left-rect,30,1.94892
max-left-rect,31,1.71732
max-left-rect,32,1.4512
max-bot-strip,0,28.4417
max-bot-strip,1,36.4941
max-bot-strip,2,23.1018
max-bot-strip,3,18.2354
max-bot-strip,4,10.7363
max-bot-strip,5,8.38513
max-bot-strip,6,6.52926
max-bot-strip,7,6.5061
max-bot-strip,8,5.29922
max-bot-strip,9,4.99052
max-bot-strip,10,3.95589
max-bot-strip,11,3.79341
max-bot-strip,12,3.44785
max-bot-strip,13,3.20661
max-bot-strip,14,2.9235
max-bot-strip,15,2.82682
max-bot-strip,16,2.39112
max-bot-strip,17,2.54842
max-bot-strip,18,2.2745
max-bot-strip,19,2.10112
max-bot-strip,20,2.07475
max-bot-strip,21,1.94105
max-bot-strip,22,1.88576
max-bot-strip,23,1.89441
max-bot-strip,24,1.53088
max-bot-strip,25,1.60158
max-bot-strip,26,1.6315
max-bot-strip,27,1.57118
max-bot-strip,28,1.50415
max-bot-strip,29,1.48857
max-bot-strip,30,1.51731
max-bot-strip,31,1.44559
max-bot-strip,32,1.47088
max-seg-strip,0,28.5953
max-seg-strip,1,36.5748
max-seg-strip,2,22.1756
max-seg-strip,3,18.0448
max-seg-strip,4,12.5837
max-seg-strip,5,8.54298
max-seg-strip,6,6.88231
max-seg-strip,7,6.06309
max-seg-strip,8,5.32525
max-seg-strip,9,4.93666
max-seg-strip,10,4.05281
max-seg-strip,11,3.82234
max-seg-strip,12,3.76723
max-seg-strip,13,2.98939
max-seg-strip,14,2.7338
max-seg-strip,15,2.53311
max-seg-strip,16,2.76651
max-seg-strip,17,2.37436
max-seg-strip,18,2.358
max-seg-strip,19,2.25605
max-seg-strip,20,2.11267
max-seg-strip,21,2.02519
max-seg-strip,22,1.91604
max-seg-strip,23,1.70968
max-seg-strip,24,1.85738
max-seg-strip,25,1.69771
max-seg-strip,26,1.6873
max-seg-strip,27,1.4896
max-seg-strip,28,1.40633
max-seg-strip,29,1.28918
max-seg-strip,30,1.29607
max-seg-strip,31,1.35511
max-seg-strip,32,1.23725
max-top-box,0,56.5224
max-top-box,1,68.4447
max-top-box,2,37.4353
max-top-box,3,29.5359
max-top-box,4,21.0565
max-top-box,5,14.5494
max-top-box,6,12.1694
max-top-box,7,10.4626
max-top-box,8,10.1656
max-top-box,9,7.86086
max-top-box,10,7.47361
max-top-box,11,6.34936
max-top-box,12,6.21651
max-top-box,13,5.65061
max-top-box,14,5.32745
max-top-box,15,5.08417
max-top-box,16,4.60697
max-top-box,17,4.22709
max-top-box,18,3.93489
max-top-box,19,4.34559
max-top-box,20,4.09062
max-top-box,21,3.38757
max-top-box,22,3.40566
max-top-box,23,3.41106
max-top-box,24,3.18567
max-top-box,25,3.18325
max-top-box,26,2.66643
max-top-box,27,2.93645
max-top-box,28,2.79584
max-top-box,29,2.49176
max-top-box,30,2.40727
max-top-box,31,2.51615
max-top-box,32,2.31481
max-bottom-box,0,27.0027
max-bottom-box,1,29.6765
max-bottom-box,2,16.452
max-bottom-box,3,11.8856
max-bottom-box,4,8.35706
max-bottom-box,5,6.97955
max-bottom-box,6,5.40185
max-bottom-box,7,4.43146
max-bottom-box,8,4.04595
max-bottom-box,9,3.64907
max-bottom-box,10,3.21313
max-bottom-box,11,2.94243
max-bottom-box,12,2.7044
max-bottom-box,13,2.50822
max-bottom-box,14,2.31198
max-bottom-box,15,2.16044
max-bottom-box,16,1.99356
max-bottom-box,17,1.95344
max-bottom-box,18,1.81512
max-bottom-box,19,1.65796
max-bottom-box,20,1.64013
max-bottom-box,21,1.5709
max-bottom-box,22,1.38772
max-bottom-box,23,1.34129
max-bottom-box,24,1.29922
max-bottom-box,25,1.26738
max-bottom-box,26,1.19626
max-bottom-box,27,1.18357
max-bottom-box,28,1.14756
max-bottom-box,29,1.14177
max-bottom-box,30,1.06114
max-bottom-box,31,1.04381
max-bottom-box,32,0.999773
max-top-box,0,27.4896
max-top-box,1,26.8385
max-top-box,2,14.7748
max-top-box,3,10.3233
max-top-box,4,7.65722
max-top-box,5,5.60497
max-top-box,6,5.07191
max-top-box,7,4.1573
max-top-box,8,3.99264
max-top-box,9,3.3181
max-top-box,10,3.04132
max-top-box,11,2.78179
max-top-box,12,2.45026
max-top-box,13,2.29808
max-top-box,14,2.11008
max-top-box,15,1.99216
max-top-box,16,1.78146
max-top-box,17,1.69617
max-top-box,18,1.62866
max-top-box,19,1.45267
max-top-box,20,1.49558
max-top-box,21,1.36382
max-top-box,22,1.27291
max-top-box,23,1.26542
max-top-box,24,1.17712
max-top-box,25,1.15584
max-top-box,26,1.08549
max-top-box,27,1.08434
max-top-box,28,1.07358
max-top-box,29,1.03279
max-top-box,30,1.01955
max-top-box,31,0.952905
max-top-box,32,0.88929
mtlr,0,20.8092
mtlr,1,39.3745
mtlr,2,20.5067
mtlr,3,14.9294
mtlr,4,11.4367
mtlr,5,8.85443
mtlr,6,7.24728
mtlr,7,6.191
mtlr,8,5.6167
mtlr,9,5.00016
mtlr,10,4.62128
mtlr,11,4.0291
mtlr,12,3.8158
mtlr,13,3.52895
mtlr,14,3.35539
mtlr,15,3.16028
mtlr,16,3.0807
mtlr,17,2.75483
mtlr,18,2.78794
mtlr,19,2.58919
mtlr,20,2.53305
mtlr,21,2.51749
mtlr,22,2.58377
mtlr,23,2.26732
mtlr,24,2.49764
mtlr,25,2.41893
mtlr,26,2.17056
mtlr,27,2.14094
mtlr,28,2.16901
mtlr,29,1.96454
mtlr,30,2.45248
mtlr,31,2.16124
mtlr,32,2.31701
mtrr,0,35.5659
mtrr,1,46.4574
mtrr,2,24.3579
mtrr,3,16.8544
mtrr,4,12.5633
mtrr,5,10.6334
mtrr,6,8.3157
mtrr,7,7.35174
mtrr,8,6.42809
mtrr,9,5.57274
mtrr,10,5.15509
mtrr,11,4.62597
mtrr,12,4.34513
mtrr,13,3.81105
mtrr,14,3.78209
mtrr,15,3.53082
mtrr,16,3.24658
mtrr,17,3.00294
mtrr,18,2.97934
mtrr,19,2.75331
mtrr,20,2.81514
mtrr,21,2.62259
mtrr,22,2.6335
mtrr,23,2.48406
mtrr,24,2.58607
mtrr,25,2.30411
mtrr,26,2.39046
mtrr,27,2.24279
mtrr,28,2.43044
mtrr,29,2.19266
mtrr,30,2.23854
mtrr,31,1.95989
mtrr,32,2.22424
saddle-point,0,34.0106
saddle-point,1,41.6241
saddle-point,2,22.1455
saddle-point,3,15.3444
saddle-point,4,11.5791
saddle-point,5,9.53443
saddle-point,6,7.58243
saddle-point,7,6.24883
saddle-point,8,5.76777
saddle-point,9,5.17714
saddle-point,10,4.53395
saddle-point,11,4.07225
saddle-point,12,3.84447
saddle-point,13,3.55058
saddle-point,14,3.27114
saddle-point,15,3.10398
saddle-point,16,3.03389
saddle-point,17,2.8205
saddle-point,18,2.67298
saddle-point,19,2.67101
saddle-point,20,2.36327
saddle-point,21,2.38857
saddle-point,22,2.2739
saddle-point,23,2.15507
saddle-point,24,2.15197
saddle-point,25,1.99918
saddle-point,26,2.18183
saddle-point,27,2.04217
saddle-point,28,2.13657
saddle-point,29,2.01936
saddle-point,30,1.93006
saddle-point,31,2.18545
saddle-point,32,1.93092
mode,0,17.7854
mode,1,22.9383
mode,2,11.4666
mode,3,7.66394
mode,4,5.74542
mode,5,4.59026
mode,6,3.89215
mode,7,3.28388
mode,8,2.94008
mode,9,2.62658
mode,10,2.32654
mode,11,2.14284
mode,12,1.96696
mode,13,1.79413
mode,14,1.6942
mode,15,1.55762
mode,16,1.50139
mode,17,1.37809
mode,18,1.31914
mode,19,1.23428
mode,20,1.18886
mode,21,1.11879
mode,22,1.06572
mode,23,1.04099
mode,24,0.978329
mode,25,0.949304
mode,26,0.924042
mode,27,0.870189
mode,28,0.845678
mode,29,0.828518
mode,30,0.800099
mode,31,0.765325
mode,32,0.745724
overlapping-ranges,0,28.8854
overlapping-ranges,1,37.1074
overlapping-ranges,2,19.4061
overlapping-ranges,3,12.9657
overlapping-ranges,4,10.2753
overlapping-ranges,5,8.24636
overlapping-ranges,6,7.05112
overlapping-ranges,7,5.79214
overlapping-ranges,8,5.15515
overlapping-ranges,9,4.43242
overlapping-ranges,10,3.95222
overlapping-ranges,11,3.65024
overlapping-ranges,12,3.3561
overlapping-ranges,13,3.14742
overlapping-ranges,14,2.87766
overlapping-ranges,15,2.60385
overlapping-ranges,16,2.50527
overlapping-ranges,17,2.34226
overlapping-ranges,18,2.24088
overlapping-ranges,19,2.10789
overlapping-ranges,20,2.00492
overlapping-ranges,21,1.93831
overlapping-ranges,22,1.80748
overlapping-ranges,23,1.75707
overlapping-ranges,24,1.69667
overlapping-ranges,25,1.57157
overlapping-ranges,26,1.52347
overlapping-ranges,27,1.43927
overlapping-ranges,28,1.45285
overlapping-ranges,29,1.2867
overlapping-ranges,30,1.22184
overlapping-ranges,31,1.20937
overlapping-ranges,32,1.14299
pyramid-ranges,0,28.835
pyramid-ranges,1,37.0289
pyramid-ranges,2,19.777
pyramid-ranges,3,13.1456
pyramid-ranges,4,11.0327
pyramid-ranges,5,8.76824
pyramid-ranges,6,6.70318
pyramid-ranges,7,5.64991
pyramid-ranges,8,5.19204
pyramid-ranges,9,4.51037
pyramid-ranges,10,3.98934
pyramid-ranges,11,3.64143
pyramid-ranges,12,3.39058
pyramid-ranges,13,3.11557
pyramid-ranges,14,2.80239
pyramid-ranges,15,2.64683
pyramid-ranges,16,2.48127
pyramid-ranges,17,2.47245
pyramid-ranges,18,2.15118
pyramid-ranges,19,2.08963
pyramid-ranges,20,1.89415
pyramid-ranges,21,1.87031
pyramid-ranges,22,1.90263
pyramid-ranges,23,1.7904
pyramid-ranges,24,1.64946
pyramid-ranges,25,1.58344
pyramid-ranges,26,1.4153
pyramid-ranges,27,1.42651
pyramid-ranges,28,1.36347
pyramid-ranges,29,1.42643
pyramid-ranges,30,1.31203
pyramid-ranges,31,1.34267
pyramid-ranges,32,1.15583
increasing-ranges,0,28.8544
increasing-ranges,1,43.5508
increasing-ranges,2,23.6071
increasing-ranges,3,17.1591
increasing-ranges,4,12.3458
increasing-ranges,5,9.60558
increasing-ranges,6,8.28983
increasing-ranges,7,6.82236
increasing-ranges,8,5.80442
increasing-ranges,9,5.24976
increasing-ranges,10,4.57376
increasing-ranges,11,4.46738
increasing-ranges,12,4.04075
increasing-ranges,13,3.50243
increasing-ranges,14,3.37728
increasing-ranges,15,3.18494
increasing-ranges,16,2.85576
increasing-ranges,17,2.86321
increasing-ranges,18,2.63273
increasing-ranges,19,2.48206
increasing-ranges,20,2.35953
increasing-ranges,21,2.22808
increasing-ranges,22,2.11861
increasing-ranges,23,2.03065
increasing-ranges,24,1.96045
increasing-ranges,25,1.8435
increasing-ranges,26,1.77645
increasing-ranges,27,1.73131
increasing-ranges,28,1.67508
increasing-ranges,29,1.6174
increasing-ranges,30,1.5129
increasing-ranges,31,1.51595
increasing-ranges,32,1.51589
max-balanced-substr,0, 13.4674
max-balanced-substr,1, 15.2751
max-balanced-substr,2, 7.63124
max-balanced-substr,3, 5.06825
max-balanced-substr,4, 3.81055
max-balanced-substr,5, 3.04995
max-balanced-substr,6, 2.54224
max-balanced-substr,7, 2.18351
max-balanced-substr,8, 1.93262
max-balanced-substr,9, 1.72732
max-balanced-substr,10, 1.55313
max-balanced-substr,11, 1.42299
max-balanced-substr,12, 1.29296
max-balanced-substr,13, 1.21126
max-balanced-substr,14, 1.10903
max-balanced-substr,15, 1.05038
max-balanced-substr,16, 0.973448
max-balanced-substr,17, 0.917041
max-balanced-substr,18, 0.878752
max-balanced-substr,19, 0.821359
max-balanced-substr,20, 0.780236
max-balanced-substr,21, 0.763482
max-balanced-substr,22, 0.70941
max-balanced-substr,23, 0.680645
max-balanced-substr,24, 0.65636
max-balanced-substr,25, 0.638987
max-balanced-substr,26, 0.611195
max-balanced-substr,27, 0.582596
max-balanced-substr,28, 0.566539
max-balanced-substr,29, 0.583533
max-balanced-substr,30, 0.527413
max-balanced-substr,31, 0.513333
max-balanced-substr,32, 0.499494
well-balanced,0, 24.7749
well-balanced,1, 34.8857
well-balanced,2, 17.8039
well-balanced,3, 12.0447
well-balanced,4, 9.15739
well-balanced,5, 7.12509
well-balanced,6, 5.93379
well-balanced,7, 5.27746
well-balanced,8, 4.5214
well-balanced,9, 4.08261
well-balanced,10, 3.65939
well-balanced,11, 3.3803
well-balanced,12, 3.07421
well-balanced,13, 2.82387
well-balanced,14, 2.55823
well-balanced,15, 2.44449
well-balanced,16, 2.25897
well-balanced,17, 2.10271
well-balanced,18, 1.99229
well-balanced,19, 1.87825
well-balanced,20, 1.83613
well-balanced,21, 1.72285
well-balanced,22, 1.6611
well-balanced,23, 1.58738
well-balanced,24, 1.51399
well-balanced,25, 1.50162
well-balanced,26, 1.40704
well-balanced,27, 1.39081
well-balanced,28, 1.31718
well-balanced,29, 1.26367
well-balanced,30, 1.21575
well-balanced,31, 1.15237
well-balanced,32, 1.1642
2d-sorted,0,26.9332
2d-sorted,1,28.8301
2d-sorted,2,18.019
2d-sorted,3,14.1806
2d-sorted,4,8.4193
2d-sorted,5,8.76589
2d-sorted,6,4.83687
2d-sorted,7,4.64939
2d-sorted,8,4.32615
2d-sorted,9,3.7487
2d-sorted,10,3.29537
2d-sorted,11,3.05912
2d-sorted,12,2.7013
2d-sorted,13,2.35923
2d-sorted,14,2.46558
2d-sorted,15,2.13424
2d-sorted,16,2.03527
2d-sorted,17,2.05259
2d-sorted,18,1.82151
2d-sorted,19,2.25547
2d-sorted,20,1.6247
2d-sorted,21,1.52015
2d-sorted,22,1.43065
2d-sorted,23,1.32705
2d-sorted,24,1.41945
2d-sorted,25,1.39285
2d-sorted,26,1.28035
2d-sorted,27,1.13284
2d-sorted,28,1.22357
2d-sorted,29,1.14983
2d-sorted,30,1.21921
2d-sorted,31,1.10052
2d-sorted,32,1.34867
2d-sum,0,28.3852
2d-sum,1,30.0465
2d-sum,2,17.3827
2d-sum,3,11.2631
2d-sum,4,10.3661
2d-sum,5,6.93366
2d-sum,6,6.3867
2d-sum,7,4.85574
2d-sum,8,4.52128
2d-sum,9,3.93871
2d-sum,10,3.54034
2d-sum,11,3.26439
2d-sum,12,2.4492
2d-sum,13,2.75266
2d-sum,14,2.59008
2d-sum,15,2.41044
2d-sum,16,2.15079
2d-sum,17,1.97976
2d-sum,18,1.96246
2d-sum,19,1.69694
2d-sum,20,1.79326
2d-sum,21,1.62973
2d-sum,22,1.7117
2d-sum,23,1.48763
2d-sum,24,1.45584
2d-sum,25,1.43039
2d-sum,26,1.41989
2d-sum,27,1.42548
2d-sum,28,1.28258
2d-sum,29,1.52748
2d-sum,30,1.43443
2d-sum,31,1.16825
2d-sum,32,1.22055
gradient1,0,15.0725
gradient1,1,12.9093
gradient1,2,6.47138
gradient1,3,4.33214
gradient1,4,3.23036
gradient1,5,2.56299
gradient1,6,2.15444
gradient1,7,1.84499
gradient1,8,1.58499
gradient1,9,1.43936
gradient1,10,1.31238
gradient1,11,1.1761
gradient1,12,1.07965
gradient1,13,1.00497
gradient1,14,0.924406
gradient1,15,0.882761
gradient1,16,0.806942
gradient1,17,0.759374
gradient1,18,0.724554
gradient1,19,0.685536
gradient1,20,0.647892
gradient1,21,0.614043
gradient1,22,0.603354
gradient1,23,0.564435
gradient1,24,0.536045
gradient1,25,0.517859
gradient1,26,0.499415
gradient1,27,0.498666
gradient1,28,0.484199
gradient1,29,0.449743
gradient1,30,0.434289
gradient1,31,0.421213
gradient1,32,0.411237
gradient2,0,12.9618
gradient2,1,12.9314
gradient2,2,6.46408
gradient2,3,4.30759
gradient2,4,3.21846
gradient2,5,2.56709
gradient2,6,2.15681
gradient2,7,1.84135
gradient2,8,1.58413
gradient2,9,1.44532
gradient2,10,1.31625
gradient2,11,1.1782
gradient2,12,1.08071
gradient2,13,1.00403
gradient2,14,0.928456
gradient2,15,0.889954
gradient2,16,0.807216
gradient2,17,0.758386
gradient2,18,0.725501
gradient2,19,0.684926
gradient2,20,0.645817
gradient2,21,0.617603
gradient2,22,0.598994
gradient2,23,0.564971
gradient2,24,0.53832
gradient2,25,0.518445
gradient2,26,0.496716
gradient2,27,0.506218
gradient2,28,0.462524
gradient2,29,0.445053
gradient2,30,0.459081
gradient2,31,0.419919
gradient2,32,0.411452
minmax,0,25.8368
minmax,1,26.7299
minmax,2,16.3209
minmax,3,11.09
minmax,4,7.92303
minmax,5,5.87093
minmax,6,4.78617
minmax,7,4.46166
minmax,8,3.66402
minmax,9,3.38894
minmax,10,3.08725
minmax,11,2.93357
minmax,12,2.61199
minmax,13,2.2201
minmax,14,2.25427
minmax,15,2.00522
minmax,16,1.83109
minmax,17,1.84267
minmax,18,1.71385
minmax,19,1.67393
minmax,20,1.471
minmax,21,1.32919
minmax,22,1.27744
minmax,23,1.28124
minmax,24,1.2983
minmax,25,1.11805
minmax,26,1.15361
minmax,27,1.04818
minmax,28,1.18664
minmax,29,0.971963
minmax,30,1.19977
minmax,31,1.03102
minmax,32,0.92059
minmax-col,0,52.8409
minmax-col,1,51.2624
minmax-col,2,28.3044
minmax-col,3,19.3644
minmax-col,4,14.3996
minmax-col,5,11.6597
minmax-col,6,9.12221
minmax-col,7,8.30114
minmax-col,8,7.1446
minmax-col,9,6.44622
minmax-col,10,5.64443
minmax-col,11,5.14141
minmax-col,12,4.62551
minmax-col,13,4.38095
minmax-col,14,4.18776
minmax-col,15,3.93996
minmax-col,16,3.53404
minmax-col,17,3.4434
minmax-col,18,3.21893
minmax-col,19,3.37906
minmax-col,20,3.11436
minmax-col,21,3.01413
minmax-col,22,2.57982
minmax-col,23,2.61153
minmax-col,24,2.55205
minmax-col,25,2.46908
minmax-col,26,2.74435
minmax-col,27,2.69798
minmax-col,28,2.33512
minmax-col,29,2.08362
minmax-col,30,2.23663
minmax-col,31,2.54502
minmax-col,32,2.68613
max-left-rect,0,41.8546
max-left-rect,1,46.9034
max-left-rect,2,25.7551
max-left-rect,3,17.2115
max-left-rect,4,13.6227
max-left-rect,5,10.8496
max-left-rect,6,9.33528
max-left-rect,7,8.23476
max-left-rect,8,6.86474
max-left-rect,9,6.09465
max-left-rect,10,5.07905
max-left-rect,11,4.8546
max-left-rect,12,4.49727
max-left-rect,13,4.14041
max-left-rect,14,3.9628
max-left-rect,15,3.86903
max-left-rect,16,3.57359
max-left-rect,17,3.51297
max-left-rect,18,3.11538
max-left-rect,19,3.11431
max-left-rect,20,2.94904
max-left-rect,21,2.6819
max-left-rect,22,2.89641
max-left-rect,23,2.83283
max-left-rect,24,2.49044
max-left-rect,25,2.55052
max-left-rect,26,2.44563
max-left-rect,27,2.3896
max-left-rect,28,2.18254
max-left-rect,29,2.43032
max-left-rect,30,2.15743
max-left-rect,31,2.37023
max-left-rect,32,2.45594
max-left-rect,0,35.7565
max-left-rect,1,44.9217
max-left-rect,2,25.9521
max-left-rect,3,20.1604
max-left-rect,4,12.5423
max-left-rect,5,9.68077
max-left-rect,6,8.6407
max-left-rect,7,7.06629
max-left-rect,8,6.92392
max-left-rect,9,5.19251
max-left-rect,10,4.59377
max-left-rect,11,4.2962
max-left-rect,12,4.03883
max-left-rect,13,3.88366
max-left-rect,14,3.77808
max-left-rect,15,3.09572
max-left-rect,16,2.67299
max-left-rect,17,2.599
max-left-rect,18,2.76421
max-left-rect,19,2.63157
max-left-rect,20,2.37214
max-left-rect,21,2.24474
max-left-rect,22,2.17196
max-left-rect,23,2.3979
max-left-rect,24,2.14299
max-left-rect,25,1.905
max-left-rect,26,2.22067
max-left-rect,27,1.76344
max-left-rect,28,2.08044
max-left-rect,29,1.73775
max-left-rect,30,1.89316
max-left-rect,31,1.72532
max-left-rect,32,1.51055
max-bot-strip,0,28.5443
max-bot-strip,1,36.4714
max-bot-strip,2,20.98
max-bot-strip,3,15.3641
max-bot-strip,4,9.97573
max-bot-strip,5,8.20129
max-bot-strip,6,6.63942
max-bot-strip,7,5.81848
max-bot-strip,8,5.13829
max-bot-strip,9,4.82422
max-bot-strip,10,4.33131
max-bot-strip,11,4.01916
max-bot-strip,12,3.43049
max-bot-strip,13,3.39286
max-bot-strip,14,2.84406
max-bot-strip,15,2.64592
max-bot-strip,16,2.62659
max-bot-strip,17,2.55428
max-bot-strip,18,2.34778
max-bot-strip,19,2.17207
max-bot-strip,20,1.95452
max-bot-strip,21,2.06914
max-bot-strip,22,2.10055
max-bot-strip,23,1.85044
max-bot-strip,24,1.94492
max-bot-strip,25,1.57895
max-bot-strip,26,1.53608
max-bot-strip,27,1.50016
max-bot-strip,28,1.63785
max-bot-strip,29,1.33329
max-bot-strip,30,1.56245
max-bot-strip,31,1.37223
max-bot-strip,32,1.25611
max-seg-strip,0,28.4621
max-seg-strip,1,36.3857
max-seg-strip,2,22.0685
max-seg-strip,3,15.6072
max-seg-strip,4,11.57
max-seg-strip,5,8.7671
max-seg-strip,6,6.916
max-seg-strip,7,6.54146
max-seg-strip,8,4.6987
max-seg-strip,9,4.5123
max-seg-strip,10,4.73362
max-seg-strip,11,3.44149
max-seg-strip,12,3.09129
max-seg-strip,13,3.06632
max-seg-strip,14,2.88967
max-seg-strip,15,2.88222
max-seg-strip,16,2.53201
max-seg-strip,17,2.66345
max-seg-strip,18,2.30929
max-seg-strip,19,2.36461
max-seg-strip,20,2.24742
max-seg-strip,21,2.01705
max-seg-strip,22,2.01186
max-seg-strip,23,1.83489
max-seg-strip,24,1.88413
max-seg-strip,25,1.73828
max-seg-strip,26,1.5092
max-seg-strip,27,1.33737
max-seg-strip,28,1.48544
max-seg-strip,29,1.50203
max-seg-strip,30,1.53418
max-seg-strip,31,1.27762
max-seg-strip,32,1.17735
max-top-box,0,57.3137
max-top-box,1,74.3144
max-top-box,2,38.9489
max-top-box,3,26.7454
max-top-box,4,19.2696
max-top-box,5,16.5944
max-top-box,6,12.7125
max-top-box,7,9.9666
max-top-box,8,9.0546
max-top-box,9,8.55784
max-top-box,10,7.56979
max-top-box,11,6.81506
max-top-box,12,6.40573
max-top-box,13,5.78357
max-top-box,14,5.83993
max-top-box,15,4.8973
max-top-box,16,4.89077
max-top-box,17,4.2035
max-top-box,18,3.9388
max-top-box,19,3.68958
max-top-box,20,3.61217
max-top-box,21,3.67406
max-top-box,22,3.75711
max-top-box,23,3.42147
max-top-box,24,3.35863
max-top-box,25,3.09936
max-top-box,26,2.94361
max-top-box,27,2.61754
max-top-box,28,2.86452
max-top-box,29,2.54498
max-top-box,30,2.66068
max-top-box,31,2.62711
max-top-box,32,2.78734
max-bottom-box,0,26.7445
max-bottom-box,1,30.0235
max-bottom-box,2,16.763
max-bottom-box,3,10.9985
max-bottom-box,4,8.67881
max-bottom-box,5,6.7877
max-bottom-box,6,5.61529
max-bottom-box,7,4.66647
max-bottom-box,8,4.21245
max-bottom-box,9,3.63478
max-bottom-box,10,3.1877
max-bottom-box,11,2.91009
max-bottom-box,12,2.67126
max-bottom-box,13,2.55049
max-bottom-box,14,2.28504
max-bottom-box,15,2.16651
max-bottom-box,16,2.01278
max-bottom-box,17,1.89548
max-bottom-box,18,1.76788
max-bottom-box,19,1.68636
max-bottom-box,20,1.55894
max-bottom-box,21,1.48296
max-bottom-box,22,1.42502
max-bottom-box,23,1.35594
max-bottom-box,24,1.3338
max-bottom-box,25,1.25564
max-bottom-box,26,1.22181
max-bottom-box,27,1.18198
max-bottom-box,28,1.13137
max-bottom-box,29,1.12294
max-bottom-box,30,1.11076
max-bottom-box,31,1.02877
max-bottom-box,32,0.994296
max-top-box,0,26.91
max-top-box,1,27.0853
max-top-box,2,14.7237
max-top-box,3,10.8394
max-top-box,4,7.83752
max-top-box,5,6.3141
max-top-box,6,5.12273
max-top-box,7,4.3491
max-top-box,8,3.57931
max-top-box,9,3.38151
max-top-box,10,2.89198
max-top-box,11,2.61745
max-top-box,12,2.42969
max-top-box,13,2.2464
max-top-box,14,2.0474
max-top-box,15,1.94367
max-top-box,16,1.84279
max-top-box,17,1.71349
max-top-box,18,1.60284
max-top-box,19,1.50942
max-top-box,20,1.41948
max-top-box,21,1.36372
max-top-box,22,1.29259
max-top-box,23,1.19587
max-top-box,24,1.18195
max-top-box,25,1.14393
max-top-box,26,1.08369
max-top-box,27,1.09196
max-top-box,28,1.02041
max-top-box,29,0.976115
max-top-box,30,0.928477
max-top-box,31,0.933411
max-top-box,32,0.953631
mtlr,0,20.7048
mtlr,1,39.2294
mtlr,2,20.9075
mtlr,3,13.9554
mtlr,4,11.2268
mtlr,5,8.46103
mtlr,6,7.39996
mtlr,7,6.51987
mtlr,8,5.5595
mtlr,9,4.92959
mtlr,10,4.49427
mtlr,11,4.12869
mtlr,12,3.8164
mtlr,13,3.50854
mtlr,14,3.23623
mtlr,15,3.11108
mtlr,16,2.96216
mtlr,17,2.91517
mtlr,18,2.79763
mtlr,19,2.60541
mtlr,20,2.53153
mtlr,21,2.41748
mtlr,22,2.50586
mtlr,23,2.39554
mtlr,24,2.3459
mtlr,25,2.42885
mtlr,26,2.49967
mtlr,27,2.18855
mtlr,28,1.9714
mtlr,29,1.97461
mtlr,30,2.14555
mtlr,31,1.80966
mtlr,32,2.09511
mtrr,0,35.5431
mtrr,1,46.5721
mtrr,2,24.8249
mtrr,3,16.8218
mtrr,4,13.4774
mtrr,5,10.315
mtrr,6,8.49021
mtrr,7,7.008
mtrr,8,6.30929
mtrr,9,5.82206
mtrr,10,4.85292
mtrr,11,4.6379
mtrr,12,4.12801
mtrr,13,3.9935
mtrr,14,3.70051
mtrr,15,3.4233
mtrr,16,3.22755
mtrr,17,3.25767
mtrr,18,2.93224
mtrr,19,2.7225
mtrr,20,2.67206
mtrr,21,2.68219
mtrr,22,2.56685
mtrr,23,2.56943
mtrr,24,2.67157
mtrr,25,2.47213
mtrr,26,2.36551
mtrr,27,2.6668
mtrr,28,2.33898
mtrr,29,2.27177
mtrr,30,2.17196
mtrr,31,2.21607
mtrr,32,2.17118
saddle-point,0,34.0055
saddle-point,1,41.612
saddle-point,2,21.9635
saddle-point,3,14.8064
saddle-point,4,11.6417
saddle-point,5,9.09728
saddle-point,6,7.72367
saddle-point,7,6.43338
saddle-point,8,5.67346
saddle-point,9,4.98314
saddle-point,10,4.49755
saddle-point,11,4.29784
saddle-point,12,3.64175
saddle-point,13,3.49907
saddle-point,14,3.25671
saddle-point,15,3.01835
saddle-point,16,2.93772
saddle-point,17,2.74332
saddle-point,18,2.70338
saddle-point,19,2.51943
saddle-point,20,2.44865
saddle-point,21,2.39875
saddle-point,22,2.32263
saddle-point,23,2.29855
saddle-point,24,2.24813
saddle-point,25,2.04742
saddle-point,26,1.98482
saddle-point,27,2.20468
saddle-point,28,2.14826
saddle-point,29,1.74196
saddle-point,30,2.038
saddle-point,31,1.93218
saddle-point,32,2.23144
mode,0,17.8174
mode,1,22.9583
mode,2,11.4767
mode,3,7.64354
mode,4,5.74167
mode,5,4.59571
mode,6,3.82006
mode,7,3.2777
mode,8,2.90286
mode,9,2.61021
mode,10,2.36698
mode,11,2.14299
mode,12,1.94611
mode,13,1.82125
mode,14,1.66855
mode,15,1.57423
mode,16,1.4712
mode,17,1.39333
mode,18,1.29944
mode,19,1.24258
mode,20,1.16913
mode,21,1.13891
mode,22,1.06555
mode,23,1.01848
mode,24,1.00098
mode,25,0.955911
mode,26,0.902424
mode,27,0.882903
mode,28,0.862697
mode,29,0.871834
mode,30,0.789355
mode,31,0.789645
mode,32,0.749364
overlapping-ranges,0,28.8246
overlapping-ranges,1,37.1196
overlapping-ranges,2,21.5572
overlapping-ranges,3,15.1253
overlapping-ranges,4,10.2585
overlapping-ranges,5,8.39564
overlapping-ranges,6,6.84416
overlapping-ranges,7,5.86064
overlapping-ranges,8,5.02877
overlapping-ranges,9,4.68142
overlapping-ranges,10,4.12184
overlapping-ranges,11,3.70747
overlapping-ranges,12,3.29338
overlapping-ranges,13,3.08753
overlapping-ranges,14,2.74757
overlapping-ranges,15,2.66199
overlapping-ranges,16,2.50012
overlapping-ranges,17,2.34391
overlapping-ranges,18,2.22582
overlapping-ranges,19,2.08454
overlapping-ranges,20,2.01771
overlapping-ranges,21,1.86603
overlapping-ranges,22,1.80688
overlapping-ranges,23,1.70159
overlapping-ranges,24,1.69567
overlapping-ranges,25,1.53749
overlapping-ranges,26,1.48495
overlapping-ranges,27,1.53164
overlapping-ranges,28,1.43611
overlapping-ranges,29,1.42346
overlapping-ranges,30,1.30239
overlapping-ranges,31,1.25186
overlapping-ranges,32,1.31597
pyramid-ranges,0,28.9237
pyramid-ranges,1,37.0947
pyramid-ranges,2,19.891
pyramid-ranges,3,15.2036
pyramid-ranges,4,10.9011
pyramid-ranges,5,8.15524
pyramid-ranges,6,6.66114
pyramid-ranges,7,6.12629
pyramid-ranges,8,5.0592
pyramid-ranges,9,4.74545
pyramid-ranges,10,4.02298
pyramid-ranges,11,3.56475
pyramid-ranges,12,3.32572
pyramid-ranges,13,3.15015
pyramid-ranges,14,2.86085
pyramid-ranges,15,2.73425
pyramid-ranges,16,2.52052
pyramid-ranges,17,2.33305
pyramid-ranges,18,2.24683
pyramid-ranges,19,2.12706
pyramid-ranges,20,1.99344
pyramid-ranges,21,1.96539
pyramid-ranges,22,1.84162
pyramid-ranges,23,1.76228
pyramid-ranges,24,1.62352
pyramid-ranges,25,1.62566
pyramid-ranges,26,1.45033
pyramid-ranges,27,1.38417
pyramid-ranges,28,1.38107
pyramid-ranges,29,1.38994
pyramid-ranges,30,1.29853
pyramid-ranges,31,1.25328
pyramid-ranges,32,1.28758
increasing-ranges,0,28.8754
increasing-ranges,1,43.6909
increasing-ranges,2,23.0719
increasing-ranges,3,16.6424
increasing-ranges,4,12.4042
increasing-ranges,5,10.1661
increasing-ranges,6,7.84787
increasing-ranges,7,6.87732
increasing-ranges,8,6.01864
increasing-ranges,9,5.15664
increasing-ranges,10,4.79383
increasing-ranges,11,4.20687
increasing-ranges,12,3.86731
increasing-ranges,13,3.55174
increasing-ranges,14,3.22161
increasing-ranges,15,3.15264
increasing-ranges,16,2.90637
increasing-ranges,17,2.85287
increasing-ranges,18,2.70464
increasing-ranges,19,2.49544
increasing-ranges,20,2.3314
increasing-ranges,21,2.24544
increasing-ranges,22,2.11774
increasing-ranges,23,1.9856
increasing-ranges,24,2.01828
increasing-ranges,25,1.8679
increasing-ranges,26,1.93732
increasing-ranges,27,1.66316
increasing-ranges,28,1.64508
increasing-ranges,29,1.66247
increasing-ranges,30,1.55297
increasing-ranges,31,1.50504
increasing-ranges,32,1.48875
max-balanced-substr,0, 13.4665
max-balanced-substr,1, 15.2831
max-balanced-substr,2, 7.64187
max-balanced-substr,3, 5.12103
max-balanced-substr,4, 3.80904
max-balanced-substr,5, 3.05348
max-balanced-substr,6, 2.52902
max-balanced-substr,7, 2.16049
max-balanced-substr,8, 1.91616
max-balanced-substr,9, 1.74748
max-balanced-substr,10, 1.5528
max-balanced-substr,11, 1.44884
max-balanced-substr,12, 1.29569
max-balanced-substr,13, 1.19456
max-balanced-substr,14, 1.11079
max-balanced-substr,15, 1.05102
max-balanced-substr,16, 0.972774
max-balanced-substr,17, 0.940857
max-balanced-substr,18, 0.864987
max-balanced-substr,19, 0.820482
max-balanced-substr,20, 0.801871
max-balanced-substr,21, 0.748704
max-balanced-substr,22, 0.708753
max-balanced-substr,23, 0.68083
max-balanced-substr,24, 0.661082
max-balanced-substr,25, 0.62538
max-balanced-substr,26, 0.604562
max-balanced-substr,27, 0.582414
max-balanced-substr,28, 0.578196
max-balanced-substr,29, 0.542072
max-balanced-substr,30, 0.52407
max-balanced-substr,31, 0.512803
max-balanced-substr,32, 0.507605
well-balanced,0, 26.798
well-balanced,1, 35.184
well-balanced,2, 17.7753
well-balanced,3, 12.1244
well-balanced,4, 8.94338
well-balanced,5, 7.35983
well-balanced,6, 6.09741
well-balanced,7, 5.23066
well-balanced,8, 4.53339
well-balanced,9, 4.07727
well-balanced,10, 3.72026
well-balanced,11, 3.34475
well-balanced,12, 3.05455
well-balanced,13, 2.72376
well-balanced,14, 2.55285
well-balanced,15, 2.45374
well-balanced,16, 2.29468
well-balanced,17, 2.1485
well-balanced,18, 1.99749
well-balanced,19, 1.88549
well-balanced,20, 1.80515
well-balanced,21, 1.75654
well-balanced,22, 1.65372
well-balanced,23, 1.59352
well-balanced,24, 1.54013
well-balanced,25, 1.4341
well-balanced,26, 1.40542
well-balanced,27, 1.31496
well-balanced,28, 1.30262
well-balanced,29, 1.27779
well-balanced,30, 1.27277
well-balanced,31, 1.16713
well-balanced,32, 1.12992
2d-sorted,0,27.1529
2d-sorted,1,28.8441
2d-sorted,2,17.7701
2d-sorted,3,13.112
2d-sorted,4,9.52596
2d-sorted,5,7.19696
2d-sorted,6,5.65195
2d-sorted,7,4.50148
2d-sorted,8,4.21479
2d-sorted,9,3.37363
2d-sorted,10,3.25362
2d-sorted,11,3.1651
2d-sorted,12,2.67196
2d-sorted,13,2.53905
2d-sorted,14,2.50616
2d-sorted,15,2.23129
2d-sorted,16,2.20481
2d-sorted,17,1.93978
2d-sorted,18,1.68736
2d-sorted,19,1.66787
2d-sorted,20,1.54969
2d-sorted,21,1.59497
2d-sorted,22,1.50533
2d-sorted,23,1.46397
2d-sorted,24,1.48555
2d-sorted,25,1.12298
2d-sorted,26,1.37411
2d-sorted,27,1.16827
2d-sorted,28,1.31398
2d-sorted,29,1.09037
2d-sorted,30,1.02061
2d-sorted,31,1.16467
2d-sorted,32,1.0483
2d-sorted,33,1.16787
2d-sorted,34,1.06183
2d-sorted,35,1.25754
2d-sorted,36,0.918443
2d-sorted,37,0.974686
2d-sorted,38,0.926865
2d-sorted,39,0.937265
2d-sorted,40,0.772385
2d-sorted,41,1.12594
2d-sorted,42,0.923986
2d-sorted,43,0.899859
2d-sorted,44,0.744472
2d-sorted,45,0.736617
2d-sorted,46,0.71557
2d-sorted,47,0.765345
2d-sorted,48,0.803446
2d-sorted,49,0.784815
2d-sorted,50,0.774577
2d-sorted,51,1.04189
2d-sorted,52,0.655795
2d-sorted,53,0.963413
2d-sorted,54,0.744928
2d-sorted,55,0.831011
2d-sorted,56,0.86745
2d-sorted,57,0.648767
2d-sorted,58,0.805499
2d-sorted,59,0.841127
2d-sorted,60,0.627323
2d-sorted,61,0.531348
2d-sorted,62,0.619273
2d-sorted,63,0.588404
2d-sorted,64,0.548127
2d-sorted,0,26.8687
2d-sorted,1,28.6053
2d-sorted,2,16.2101
2d-sorted,3,11.5909
2d-sorted,4,8.84055
2d-sorted,5,7.17238
2d-sorted,6,5.48926
2d-sorted,7,4.46271
2d-sorted,8,4.29726
2d-sorted,9,3.69444
2d-sorted,10,3.3025
2d-sorted,11,2.96748
2d-sorted,12,3.11649
2d-sorted,13,2.63066
2d-sorted,14,2.36198
2d-sorted,15,2.29043
2d-sorted,16,2.25625
2d-sorted,17,2.02685
2d-sorted,18,1.8842
2d-sorted,19,1.71796
2d-sorted,20,1.47612
2d-sorted,21,1.56895
2d-sorted,22,1.55875
2d-sorted,23,1.53562
2d-sorted,24,1.47617
2d-sorted,25,1.13358
2d-sorted,26,1.08635
2d-sorted,27,1.2306
2d-sorted,28,1.51517
2d-sorted,29,1.25104
2d-sorted,30,1.2568
2d-sorted,31,1.09281
2d-sorted,32,0.929643
2d-sorted,33,1.04081
2d-sorted,34,1.31899
2d-sorted,35,1.25102
2d-sorted,36,1.50328
2d-sorted,37,0.842339
2d-sorted,38,0.829761
2d-sorted,39,1.07051
2d-sorted,40,0.891598
2d-sorted,41,1.08651
2d-sorted,42,0.993681
2d-sorted,43,0.815603
2d-sorted,44,1.0167
2d-sorted,45,0.830411
2d-sorted,46,0.696337
2d-sorted,47,0.898008
2d-sorted,48,1.04629
2d-sorted,49,0.853545
2d-sorted,50,0.731613
2d-sorted,51,0.940554
2d-sorted,52,1.22658
2d-sorted,53,0.760513
2d-sorted,54,0.717135
2d-sorted,55,0.654666
2d-sorted,56,0.761283
2d-sorted,57,0.811602
2d-sorted,58,0.724949
2d-sorted,59,0.745078
2d-sorted,60,0.78111
2d-sorted,61,0.760774
2d-sorted,62,0.64089
2d-sorted,63,0.619153
2d-sorted,64,0.719229
2d-sorted,0,26.6814
2d-sorted,1,28.8826
2d-sorted,2,16.4485
2d-sorted,3,12.379
2d-sorted,4,8.77124
2d-sorted,5,6.42291
2d-sorted,6,5.54829
2d-sorted,7,4.38566
2d-sorted,8,4.12073
2d-sorted,9,3.61367
2d-sorted,10,3.12663
2d-sorted,11,2.69313
2d-sorted,12,2.87648
2d-sorted,13,2.41959
2d-sorted,14,2.47853
2d-sorted,15,2.33442
2d-sorted,16,1.89055
2d-sorted,17,2.27575
2d-sorted,18,2.13317
2d-sorted,19,1.66521
2d-sorted,20,1.6825
2d-sorted,21,1.53565
2d-sorted,22,1.39957
2d-sorted,23,1.39767
2d-sorted,24,1.4363
2d-sorted,25,1.17056
2d-sorted,26,1.28034
2d-sorted,27,1.19966
2d-sorted,28,1.18983
2d-sorted,29,1.20767
2d-sorted,30,1.08471
2d-sorted,31,1.15715
2d-sorted,32,1.22106
2d-sorted,33,1.14839
2d-sorted,34,1.18098
2d-sorted,35,1.13481
2d-sorted,36,1.16348
2d-sorted,37,1.05021
2d-sorted,38,1.24139
2d-sorted,39,0.836992
2d-sorted,40,0.907199
2d-sorted,41,1.03516
2d-sorted,42,0.880687
2d-sorted,43,1.19573
2d-sorted,44,0.926613
2d-sorted,45,0.977428
2d-sorted,46,0.700041
2d-sorted,47,0.881261
2d-sorted,48,0.86479
2d-sorted,49,1.07825
2d-sorted,50,0.747378
2d-sorted,51,0.898364
2d-sorted,52,0.822405
2d-sorted,53,0.829309
2d-sorted,54,0.995635
2d-sorted,55,0.973114
2d-sorted,56,0.638256
2d-sorted,57,0.86905
2d-sorted,58,0.680119
2d-sorted,59,0.755635
2d-sorted,60,0.929275
2d-sorted,61,1.07601
2d-sorted,62,1.0385
2d-sorted,63,0.786546
2d-sorted,64,0.659577
2d-sorted,0,26.7261
2d-sorted,1,28.699
2d-sorted,2,18.9577
2d-sorted,3,11.0415
2d-sorted,4,8.71883
2d-sorted,5,6.91083
2d-sorted,6,5.55497
2d-sorted,7,4.65515
2d-sorted,8,4.19102
2d-sorted,9,3.53459
2d-sorted,10,3.33985
2d-sorted,11,3.04182
2d-sorted,12,2.5231
2d-sorted,13,2.39364
2d-sorted,14,2.51383
2d-sorted,15,2.15931
2d-sorted,16,2.07957
2d-sorted,17,1.90687
2d-sorted,18,2.06749
2d-sorted,19,1.66894
2d-sorted,20,1.59869
2d-sorted,21,1.62128
2d-sorted,22,1.50622
2d-sorted,23,1.38849
2d-sorted,24,1.41848
2d-sorted,25,1.45645
2d-sorted,26,1.29411
2d-sorted,27,1.17992
2d-sorted,28,1.23185
2d-sorted,29,1.57733
2d-sorted,30,1.05104
2d-sorted,31,1.02141
2d-sorted,32,1.44776
2d-sorted,33,1.09386
2d-sorted,34,1.09599
2d-sorted,35,0.963821
2d-sorted,36,0.998495
2d-sorted,37,0.979986
2d-sorted,38,1.48958
2d-sorted,39,0.956861
2d-sorted,40,0.76092
2d-sorted,41,0.822397
2d-sorted,42,0.793771
2d-sorted,43,0.936072
2d-sorted,44,1.28939
2d-sorted,45,1.14571
2d-sorted,46,0.916948
2d-sorted,47,0.850713
2d-sorted,48,1.35089
2d-sorted,49,0.883293
2d-sorted,50,0.950714
2d-sorted,51,0.832008
2d-sorted,52,0.907585
2d-sorted,53,1.01369
2d-sorted,54,0.973529
2d-sorted,55,0.888571
2d-sorted,56,0.807378
2d-sorted,57,1.31497
2d-sorted,58,1.30495
2d-sorted,59,0.715618
2d-sorted,60,1.15445
2d-sorted,61,1.15534
2d-sorted,62,1.21642
2d-sorted,63,1.01943
2d-sorted,64,1.38248
2d-sum,0,28.4239
2d-sum,1,30.0765
2d-sum,2,17.6822
2d-sum,3,14.8186
2d-sum,4,8.89717
2d-sum,5,7.53243
2d-sum,6,5.5156
2d-sum,7,4.40318
2d-sum,8,3.89132
2d-sum,9,3.62676
2d-sum,10,3.71622
2d-sum,11,3.05721
2d-sum,12,2.7378
2d-sum,13,2.56035
2d-sum,14,2.42349
2d-sum,15,2.38754
2d-sum,16,2.14052
2d-sum,17,2.34378
2d-sum,18,2.10548
2d-sum,19,1.83138
2d-sum,20,1.72317
2d-sum,21,1.57835
2d-sum,22,1.49403
2d-sum,23,1.78152
2d-sum,24,1.37749
2d-sum,25,1.56186
2d-sum,26,1.62992
2d-sum,27,1.43714
2d-sum,28,1.16567
2d-sum,29,1.35885
2d-sum,30,1.21018
2d-sum,31,1.32114
2d-sum,32,1.05711
2d-sum,33,1.35851
2d-sum,34,1.12017
2d-sum,35,1.05673
2d-sum,36,1.16399
2d-sum,37,0.9252
2d-sum,38,0.863979
2d-sum,39,0.91824
2d-sum,40,0.970223
2d-sum,41,1.10001
2d-sum,42,1.13549
2d-sum,43,0.86085
2d-sum,44,1.01424
2d-sum,45,0.769212
2d-sum,46,0.752188
2d-sum,47,1.02402
2d-sum,48,0.900303
2d-sum,49,0.723213
2d-sum,50,1.00726
2d-sum,51,0.848356
2d-sum,52,0.862634
2d-sum,53,0.844143
2d-sum,54,0.782416
2d-sum,55,0.969613
2d-sum,56,0.655896
2d-sum,57,0.874
2d-sum,58,0.721084
2d-sum,59,1.00149
2d-sum,60,0.667023
2d-sum,61,0.836166
2d-sum,62,0.763197
2d-sum,63,0.856791
2d-sum,64,0.690472
2d-sum,0,28.5539
2d-sum,1,30.0109
2d-sum,2,19.5721
2d-sum,3,14.8808
2d-sum,4,10.4337
2d-sum,5,8.07338
2d-sum,6,6.74696
2d-sum,7,5.50964
2d-sum,8,4.42894
2d-sum,9,3.79132
2d-sum,10,3.22073
2d-sum,11,3.16101
2d-sum,12,3.15771
2d-sum,13,2.58589
2d-sum,14,2.63981
2d-sum,15,2.30155
2d-sum,16,1.91121
2d-sum,17,1.95986
2d-sum,18,2.20707
2d-sum,19,2.02885
2d-sum,20,2.14403
2d-sum,21,1.70549
2d-sum,22,1.91109
2d-sum,23,1.76778
2d-sum,24,1.4024
2d-sum,25,1.61131
2d-sum,26,1.40024
2d-sum,27,1.30779
2d-sum,28,1.15463
2d-sum,29,1.13866
2d-sum,30,1.13984
2d-sum,31,1.19742
2d-sum,32,0.955561
2d-sum,33,1.15249
2d-sum,34,1.09907
2d-sum,35,1.17569
2d-sum,36,0.980458
2d-sum,37,1.14812
2d-sum,38,0.890995
2d-sum,39,1.04208
2d-sum,40,1.08345
2d-sum,41,1.03672
2d-sum,42,0.892016
2d-sum,43,0.820759
2d-sum,44,0.847866
2d-sum,45,0.972215
2d-sum,46,0.879945
2d-sum,47,1.00246
2d-sum,48,0.758323
2d-sum,49,0.706059
2d-sum,50,0.962578
2d-sum,51,1.22499
2d-sum,52,0.914054
2d-sum,53,0.715879
2d-sum,54,0.968046
2d-sum,55,0.704245
2d-sum,56,0.873498
2d-sum,57,0.689944
2d-sum,58,0.61734
2d-sum,59,0.866028
2d-sum,60,0.653366
2d-sum,61,1.52016
2d-sum,62,0.919889
2d-sum,63,1.06986
2d-sum,64,0.710344
2d-sum,0,28.559
2d-sum,1,29.9845
2d-sum,2,18.4759
2d-sum,3,13.7489
2d-sum,4,8.44149
2d-sum,5,8.26916
2d-sum,6,5.92338
2d-sum,7,5.34167
2d-sum,8,4.81764
2d-sum,9,4.17011
2d-sum,10,3.62905
2d-sum,11,3.16275
2d-sum,12,2.85611
2d-sum,13,2.56008
2d-sum,14,2.59486
2d-sum,15,2.38931
2d-sum,16,2.3742
2d-sum,17,1.94644
2d-sum,18,1.92881
2d-sum,19,2.0479
2d-sum,20,1.75845
2d-sum,21,1.6355
2d-sum,22,1.63271
2d-sum,23,1.76114
2d-sum,24,1.63616
2d-sum,25,1.47388
2d-sum,26,1.66452
2d-sum,27,1.6886
2d-sum,28,1.29347
2d-sum,29,1.7297
2d-sum,30,1.25657
2d-sum,31,1.1941
2d-sum,32,1.04159
2d-sum,33,1.19814
2d-sum,34,1.18459
2d-sum,35,1.2171
2d-sum,36,0.968493
2d-sum,37,1.07816
2d-sum,38,1.06253
2d-sum,39,1.01949
2d-sum,40,1.01612
2d-sum,41,0.885246
2d-sum,42,0.908841
2d-sum,43,1.12378
2d-sum,44,0.884193
2d-sum,45,0.814226
2d-sum,46,1.01587
2d-sum,47,0.861444
2d-sum,48,0.8692
2d-sum,49,0.805301
2d-sum,50,1.03203
2d-sum,51,0.856023
2d-sum,52,0.709647
2d-sum,53,0.847242
2d-sum,54,0.906275
2d-sum,55,0.925391
2d-sum,56,0.882823
2d-sum,57,0.717231
2d-sum,58,0.647453
2d-sum,59,0.713723
2d-sum,60,0.773281
2d-sum,61,0.638354
2d-sum,62,0.704615
2d-sum,63,0.739687
2d-sum,64,0.738535
2d-sum,0,28.6129
2d-sum,1,30.106
2d-sum,2,18.5161
2d-sum,3,12.7402
2d-sum,4,8.99314
2d-sum,5,8.16607
2d-sum,6,5.79211
2d-sum,7,5.22181
2d-sum,8,4.47389
2d-sum,9,4.02434
2d-sum,10,3.44174
2d-sum,11,2.87483
2d-sum,12,2.72419
2d-sum,13,2.80032
2d-sum,14,2.29307
2d-sum,15,2.21783
2d-sum,16,2.2681
2d-sum,17,2.17579
2d-sum,18,1.87372
2d-sum,19,1.69108
2d-sum,20,1.85735
2d-sum,21,1.54807
2d-sum,22,1.60727
2d-sum,23,1.66514
2d-sum,24,1.68411
2d-sum,25,1.38011
2d-sum,26,1.34552
2d-sum,27,1.43146
2d-sum,28,1.40834
2d-sum,29,1.34718
2d-sum,30,1.15998
2d-sum,31,1.11739
2d-sum,32,1.06148
2d-sum,33,1.10898
2d-sum,34,1.11813
2d-sum,35,1.00337
2d-sum,36,0.964908
2d-sum,37,0.868457
2d-sum,38,0.934743
2d-sum,39,0.921033
2d-sum,40,0.948102
2d-sum,41,1.23905
2d-sum,42,0.919899
2d-sum,43,1.15131
2d-sum,44,0.829234
2d-sum,45,0.791412
2d-sum,46,0.970312
2d-sum,47,0.889842
2d-sum,48,0.750882
2d-sum,49,0.845597
2d-sum,50,0.816544
2d-sum,51,0.83421
2d-sum,52,0.992072
2d-sum,53,0.699063
2d-sum,54,0.779905
2d-sum,55,0.814518
2d-sum,56,0.697247
2d-sum,57,0.70226
2d-sum,58,0.782234
2d-sum,59,0.690264
2d-sum,60,0.75753
2d-sum,61,0.877638
2d-sum,62,0.814574
2d-sum,63,0.806617
2d-sum,64,0.857294
gradient1,0,15.0861
gradient1,1,12.9104
gradient1,2,6.45696
gradient1,3,4.30684
gradient1,4,3.24831
gradient1,5,2.5726
gradient1,6,2.14091
gradient1,7,1.8351
gradient1,8,1.59349
gradient1,9,1.45166
gradient1,10,1.31208
gradient1,11,1.1786
gradient1,12,1.07983
gradient1,13,1.00989
gradient1,14,0.922731
gradient1,15,0.879414
gradient1,16,0.812879
gradient1,17,0.763228
gradient1,18,0.717486
gradient1,19,0.686332
gradient1,20,0.64474
gradient1,21,0.614695
gradient1,22,0.598395
gradient1,23,0.570053
gradient1,24,0.537334
gradient1,25,0.514354
gradient1,26,0.498074
gradient1,27,0.512405
gradient1,28,0.477637
gradient1,29,0.447696
gradient1,30,0.431664
gradient1,31,0.423363
gradient1,32,0.41036
gradient1,33,0.418171
gradient1,34,0.402715
gradient1,35,0.385519
gradient1,36,0.378127
gradient1,37,0.362229
gradient1,38,0.356268
gradient1,39,0.359834
gradient1,40,0.35405
gradient1,41,0.332428
gradient1,42,0.325659
gradient1,43,0.316822
gradient1,44,0.314712
gradient1,45,0.308158
gradient1,46,0.300704
gradient1,47,0.312573
gradient1,48,0.293003
gradient1,49,0.28701
gradient1,50,0.281902
gradient1,51,0.280493
gradient1,52,0.271904
gradient1,53,0.267019
gradient1,54,0.264758
gradient1,55,0.260782
gradient1,56,0.269118
gradient1,57,0.257897
gradient1,58,0.252464
gradient1,59,0.247629
gradient1,60,0.244424
gradient1,61,0.25299
gradient1,62,0.248264
gradient1,63,0.235922
gradient1,64,0.233723
gradient1,0,15.0501
gradient1,1,12.8827
gradient1,2,6.48394
gradient1,3,4.31274
gradient1,4,3.22403
gradient1,5,2.56785
gradient1,6,2.15283
gradient1,7,1.83818
gradient1,8,1.64257
gradient1,9,1.46598
gradient1,10,1.29644
gradient1,11,1.20065
gradient1,12,1.08046
gradient1,13,1.0249
gradient1,14,0.924058
gradient1,15,0.86135
gradient1,16,0.825749
gradient1,17,0.764049
gradient1,18,0.717112
gradient1,19,0.692287
gradient1,20,0.646343
gradient1,21,0.614965
gradient1,22,0.587372
gradient1,23,0.573556
gradient1,24,0.541907
gradient1,25,0.515373
gradient1,26,0.502337
gradient1,27,0.481316
gradient1,28,0.473327
gradient1,29,0.450797
gradient1,30,0.434658
gradient1,31,0.420094
gradient1,32,0.411288
gradient1,33,0.398689
gradient1,34,0.41081
gradient1,35,0.381467
gradient1,36,0.384069
gradient1,37,0.367177
gradient1,38,0.352244
gradient1,39,0.347102
gradient1,40,0.340551
gradient1,41,0.347784
gradient1,42,0.326567
gradient1,43,0.320635
gradient1,44,0.309532
gradient1,45,0.302554
gradient1,46,0.306769
gradient1,47,0.294321
gradient1,48,0.29152
gradient1,49,0.303912
gradient1,50,0.282893
gradient1,51,0.278147
gradient1,52,0.270413
gradient1,53,0.264472
gradient1,54,0.266354
gradient1,55,0.270044
gradient1,56,0.262044
gradient1,57,0.25139
gradient1,58,0.255756
gradient1,59,0.244126
gradient1,60,0.239693
gradient1,61,0.237182
gradient1,62,0.233326
gradient1,63,0.233358
gradient1,64,0.221567
gradient1,0,13.8325
gradient1,1,12.9105
gradient1,2,6.48229
gradient1,3,4.28792
gradient1,4,3.25294
gradient1,5,2.56823
gradient1,6,2.14377
gradient1,7,1.83206
gradient1,8,1.60459
gradient1,9,1.45338
gradient1,10,1.3218
gradient1,11,1.17672
gradient1,12,1.09291
gradient1,13,0.994419
gradient1,14,0.922421
gradient1,15,0.8853
gradient1,16,0.802114
gradient1,17,0.758752
gradient1,18,0.741635
gradient1,19,0.683184
gradient1,20,0.644042
gradient1,21,0.613801
gradient1,22,0.606684
gradient1,23,0.561848
gradient1,24,0.53854
gradient1,25,0.516037
gradient1,26,0.497419
gradient1,27,0.494332
gradient1,28,0.471224
gradient1,29,0.443951
gradient1,30,0.433763
gradient1,31,0.422519
gradient1,32,0.417867
gradient1,33,0.399226
gradient1,34,0.388345
gradient1,35,0.378997
gradient1,36,0.368491
gradient1,37,0.364339
gradient1,38,0.357288
gradient1,39,0.366271
gradient1,40,0.339248
gradient1,41,0.343182
gradient1,42,0.321796
gradient1,43,0.315985
gradient1,44,0.310809
gradient1,45,0.303676
gradient1,46,0.310109
gradient1,47,0.295227
gradient1,48,0.290337
gradient1,49,0.293899
gradient1,50,0.278877
gradient1,51,0.284657
gradient1,52,0.276709
gradient1,53,0.282584
gradient1,54,0.265492
gradient1,55,0.275156
gradient1,56,0.256933
gradient1,57,0.251128
gradient1,58,0.247927
gradient1,59,0.243046
gradient1,60,0.239317
gradient1,61,0.240354
gradient1,62,0.2385
gradient1,63,0.233074
gradient1,64,0.229214
gradient1,0,15.0085
gradient1,1,12.8992
gradient1,2,6.48589
gradient1,3,4.34112
gradient1,4,3.26788
gradient1,5,2.58649
gradient1,6,2.16399
gradient1,7,1.8459
gradient1,8,1.58425
gradient1,9,1.48265
gradient1,10,1.30299
gradient1,11,1.19903
gradient1,12,1.07968
gradient1,13,1.0197
gradient1,14,0.924971
gradient1,15,0.861347
gradient1,16,0.830584
gradient1,17,0.758886
gradient1,18,0.717118
gradient1,19,0.700959
gradient1,20,0.653479
gradient1,21,0.614729
gradient1,22,0.588433
gradient1,23,0.586861
gradient1,24,0.536074
gradient1,25,0.519797
gradient1,26,0.495984
gradient1,27,0.478576
gradient1,28,0.485762
gradient1,29,0.445216
gradient1,30,0.431777
gradient1,31,0.419523
gradient1,32,0.407931
gradient1,33,0.398807
gradient1,34,0.412688
gradient1,35,0.381713
gradient1,36,0.375052
gradient1,37,0.361758
gradient1,38,0.353726
gradient1,39,0.352537
gradient1,40,0.351613
gradient1,41,0.338421
gradient1,42,0.327963
gradient1,43,0.321047
gradient1,44,0.313674
gradient1,45,0.307069
gradient1,46,0.297644
gradient1,47,0.298409
gradient1,48,0.306679
gradient1,49,0.295436
gradient1,50,0.28227
gradient1,51,0.27588
gradient1,52,0.270651
gradient1,53,0.270737
gradient1,54,0.270358
gradient1,55,0.267669
gradient1,56,0.269997
gradient1,57,0.273701
gradient1,58,0.255351
gradient1,59,0.244889
gradient1,60,0.239749
gradient1,61,0.236272
gradient1,62,0.231502
gradient1,63,0.2316
gradient1,64,0.234066
gradient2,0,12.9341
gradient2,1,12.9005
gradient2,2,6.4905
gradient2,3,4.3303
gradient2,4,3.21765
gradient2,5,2.57179
gradient2,6,2.13345
gradient2,7,1.82977
gradient2,8,1.58292
gradient2,9,1.4628
gradient2,10,1.29523
gradient2,11,1.20196
gradient2,12,1.08024
gradient2,13,1.01673
gradient2,14,0.922027
gradient2,15,0.864137
gradient2,16,0.830944
gradient2,17,0.76024
gradient2,18,0.718128
gradient2,19,0.690612
gradient2,20,0.648998
gradient2,21,0.61355
gradient2,22,0.587686
gradient2,23,0.569103
gradient2,24,0.543745
gradient2,25,0.534689
gradient2,26,0.5015
gradient2,27,0.478212
gradient2,28,0.470285
gradient2,29,0.45285
gradient2,30,0.436534
gradient2,31,0.418755
gradient2,32,0.403947
gradient2,33,0.400029
gradient2,34,0.414135
gradient2,35,0.383692
gradient2,36,0.370955
gradient2,37,0.363696
gradient2,38,0.3525
gradient2,39,0.345907
gradient2,40,0.337061
gradient2,41,0.346227
gradient2,42,0.329352
gradient2,43,0.316265
gradient2,44,0.312231
gradient2,45,0.305339
gradient2,46,0.301108
gradient2,47,0.2928
gradient2,48,0.297789
gradient2,49,0.310108
gradient2,50,0.281658
gradient2,51,0.289527
gradient2,52,0.280138
gradient2,53,0.274561
gradient2,54,0.265331
gradient2,55,0.264921
gradient2,56,0.283207
gradient2,57,0.272197
gradient2,58,0.258589
gradient2,59,0.243015
gradient2,60,0.240305
gradient2,61,0.244953
gradient2,62,0.234903
gradient2,63,0.23204
gradient2,64,0.222124
gradient2,0,12.9065
gradient2,1,12.9111
gradient2,2,6.49971
gradient2,3,4.37204
gradient2,4,3.23915
gradient2,5,2.57737
gradient2,6,2.1468
gradient2,7,1.81739
gradient2,8,1.58372
gradient2,9,1.46432
gradient2,10,1.29746
gradient2,11,1.20249
gradient2,12,1.07859
gradient2,13,1.01062
gradient2,14,0.939037
gradient2,15,0.861979
gradient2,16,0.825461
gradient2,17,0.760485
gradient2,18,0.718257
gradient2,19,0.681123
gradient2,20,0.653823
gradient2,21,0.615491
gradient2,22,0.586076
gradient2,23,0.562236
gradient2,24,0.552625
gradient2,25,0.516386
gradient2,26,0.49753
gradient2,27,0.480241
gradient2,28,0.461438
gradient2,29,0.468292
gradient2,30,0.441537
gradient2,31,0.416609
gradient2,32,0.408147
gradient2,33,0.405505
gradient2,34,0.399379
gradient2,35,0.395562
gradient2,36,0.374801
gradient2,37,0.363675
gradient2,38,0.357006
gradient2,39,0.35289
gradient2,40,0.340919
gradient2,41,0.348942
gradient2,42,0.331394
gradient2,43,0.316274
gradient2,44,0.318866
gradient2,45,0.30998
gradient2,46,0.300645
gradient2,47,0.291865
gradient2,48,0.295743
gradient2,49,0.298278
gradient2,50,0.283409
gradient2,51,0.284655
gradient2,52,0.271193
gradient2,53,0.269824
gradient2,54,0.263728
gradient2,55,0.264315
gradient2,56,0.258671
gradient2,57,0.253828
gradient2,58,0.25082
gradient2,59,0.255559
gradient2,60,0.243393
gradient2,61,0.244888
gradient2,62,0.239858
gradient2,63,0.229087
gradient2,64,0.222463
gradient2,0,12.9152
gradient2,1,12.9031
gradient2,2,6.49633
gradient2,3,4.31292
gradient2,4,3.25821
gradient2,5,2.58499
gradient2,6,2.15227
gradient2,7,1.81345
gradient2,8,1.62419
gradient2,9,1.47015
gradient2,10,1.28951
gradient2,11,1.2025
gradient2,12,1.08351
gradient2,13,1.00276
gradient2,14,0.927151
gradient2,15,0.862566
gradient2,16,0.832434
gradient2,17,0.781758
gradient2,18,0.71856
gradient2,19,0.681651
gradient2,20,0.667295
gradient2,21,0.614843
gradient2,22,0.586926
gradient2,23,0.562889
gradient2,24,0.55917
gradient2,25,0.517503
gradient2,26,0.526392
gradient2,27,0.49144
gradient2,28,0.464307
gradient2,29,0.468377
gradient2,30,0.430732
gradient2,31,0.427357
gradient2,32,0.407203
gradient2,33,0.39983
gradient2,34,0.387684
gradient2,35,0.411882
gradient2,36,0.375361
gradient2,37,0.362123
gradient2,38,0.351088
gradient2,39,0.346908
gradient2,40,0.34068
gradient2,41,0.331276
gradient2,42,0.342731
gradient2,43,0.318883
gradient2,44,0.31605
gradient2,45,0.306639
gradient2,46,0.313036
gradient2,47,0.296579
gradient2,48,0.290786
gradient2,49,0.282836
gradient2,50,0.302847
gradient2,51,0.282064
gradient2,52,0.277358
gradient2,53,0.26904
gradient2,54,0.264102
gradient2,55,0.262217
gradient2,56,0.263321
gradient2,57,0.253439
gradient2,58,0.249494
gradient2,59,0.249556
gradient2,60,0.242558
gradient2,61,0.241713
gradient2,62,0.23131
gradient2,63,0.233385
gradient2,64,0.240001
gradient2,0,12.8807
gradient2,1,12.9129
gradient2,2,6.47338
gradient2,3,4.30129
gradient2,4,3.21503
gradient2,5,2.57447
gradient2,6,2.15223
gradient2,7,1.81162
gradient2,8,1.6111
gradient2,9,1.45663
gradient2,10,1.30119
gradient2,11,1.19911
gradient2,12,1.08252
gradient2,13,0.994884
gradient2,14,0.947664
gradient2,15,0.859961
gradient2,16,0.808001
gradient2,17,0.773307
gradient2,18,0.718272
gradient2,19,0.680655
gradient2,20,0.661989
gradient2,21,0.627649
gradient2,22,0.587882
gradient2,23,0.56132
gradient2,24,0.553745
gradient2,25,0.520925
gradient2,26,0.497157
gradient2,27,0.479862
gradient2,28,0.460441
gradient2,29,0.45347
gradient2,30,0.459699
gradient2,31,0.41925
gradient2,32,0.408335
gradient2,33,0.404338
gradient2,34,0.387065
gradient2,35,0.380674
gradient2,36,0.38166
gradient2,37,0.363547
gradient2,38,0.353928
gradient2,39,0.34825
gradient2,40,0.340709
gradient2,41,0.332143
gradient2,42,0.326363
gradient2,43,0.329467
gradient2,44,0.324508
gradient2,45,0.312318
gradient2,46,0.305698
gradient2,47,0.304563
gradient2,48,0.288374
gradient2,49,0.283426
gradient2,50,0.283987
gradient2,51,0.302553
gradient2,52,0.280133
gradient2,53,0.269338
gradient2,54,0.263154
gradient2,55,0.262651
gradient2,56,0.259689
gradient2,57,0.257728
gradient2,58,0.248073
gradient2,59,0.244751
gradient2,60,0.255845
gradient2,61,0.245352
gradient2,62,0.232495
gradient2,63,0.230163
gradient2,64,0.222144
minmax,0,25.833
minmax,1,27.1969
minmax,2,15.2839
minmax,3,10.5246
minmax,4,8.30925
minmax,5,6.102
minmax,6,5.12076
minmax,7,4.61472
minmax,8,3.93234
minmax,9,3.4368
minmax,10,3.05769
minmax,11,2.72079
minmax,12,2.61847
minmax,13,2.43209
minmax,14,2.26376
minmax,15,2.12312
minmax,16,1.94551
minmax,17,1.799
minmax,18,1.66391
minmax,19,1.59675
minmax,20,1.66914
minmax,21,1.49009
minmax,22,1.36196
minmax,23,1.2832
minmax,24,1.4815
minmax,25,1.12195
minmax,26,1.20244
minmax,27,1.27662
minmax,28,1.06007
minmax,29,1.11652
minmax,30,1.06711
minmax,31,1.3999
minmax,32,1.04425
minmax,33,1.00577
minmax,34,0.912729
minmax,35,0.945458
minmax,36,0.98843
minmax,37,1.02511
minmax,38,0.880317
minmax,39,1.01054
minmax,40,0.824083
minmax,41,1.0476
minmax,42,0.729913
minmax,43,0.923422
minmax,44,0.744542
minmax,45,0.70824
minmax,46,0.831464
minmax,47,0.699391
minmax,48,0.635386
minmax,49,0.713564
minmax,50,0.617508
minmax,51,0.656046
minmax,52,0.637977
minmax,53,0.740972
minmax,54,0.655677
minmax,55,0.629911
minmax,56,0.647581
minmax,57,0.64157
minmax,58,0.651252
minmax,59,0.615806
minmax,60,0.675958
minmax,61,0.693011
minmax,62,0.589845
minmax,63,0.59383
minmax,64,0.553937
minmax,0,25.8413
minmax,1,27.0947
minmax,2,15.9904
minmax,3,11.8681
minmax,4,9.03688
minmax,5,6.5928
minmax,6,5.1061
minmax,7,4.42817
minmax,8,3.72698
minmax,9,3.64454
minmax,10,3.14363
minmax,11,2.81192
minmax,12,2.56084
minmax,13,2.51798
minmax,14,2.22322
minmax,15,2.01141
minmax,16,1.98326
minmax,17,1.69429
minmax,18,1.65532
minmax,19,1.60511
minmax,20,1.36855
minmax,21,1.59347
minmax,22,1.37842
minmax,23,1.26973
minmax,24,1.28037
minmax,25,1.34786
minmax,26,1.20161
minmax,27,1.11038
minmax,28,1.06935
minmax,29,1.16473
minmax,30,1.16126
minmax,31,0.986465
minmax,32,1.01285
minmax,33,0.87159
minmax,34,0.874501
minmax,35,0.79332
minmax,36,1.00547
minmax,37,0.901703
minmax,38,0.758595
minmax,39,0.830158
minmax,40,0.789865
minmax,41,0.736773
minmax,42,0.998347
minmax,43,0.686464
minmax,44,0.751841
minmax,45,0.826962
minmax,46,0.915069
minmax,47,0.695261
minmax,48,0.723395
minmax,49,0.797319
minmax,50,0.814533
minmax,51,0.678605
minmax,52,0.815535
minmax,53,0.705334
minmax,54,0.696044
minmax,55,0.64125
minmax,56,0.608494
minmax,57,0.622457
minmax,58,0.594146
minmax,59,0.621969
minmax,60,0.576353
minmax,61,0.667623
minmax,62,0.539369
minmax,63,0.549139
minmax,64,0.536833
minmax,0,25.8998
minmax,1,27.0211
minmax,2,15.8938
minmax,3,11.6485
minmax,4,8.88807
minmax,5,6.12673
minmax,6,5.42914
minmax,7,4.49045
minmax,8,3.9623
minmax,9,3.54307
minmax,10,3.2617
minmax,11,2.73508
minmax,12,2.65909
minmax,13,2.24138
minmax,14,2.07755
minmax,15,1.99902
minmax,16,1.95715
minmax,17,1.74571
minmax,18,1.74523
minmax,19,1.49771
minmax,20,1.58413
minmax,21,1.44269
minmax,22,1.28478
minmax,23,1.32171
minmax,24,1.25891
minmax,25,1.29021
minmax,26,1.30038
minmax,27,1.13701
minmax,28,1.15495
minmax,29,1.00298
minmax,30,1.13352
minmax,31,0.943168
minmax,32,0.972035
minmax,33,0.90122
minmax,34,0.861633
minmax,35,0.906273
minmax,36,0.862258
minmax,37,0.811097
minmax,38,0.892767
minmax,39,0.931649
minmax,40,0.787868
minmax,41,0.778132
minmax,42,0.740508
minmax,43,0.744072
minmax,44,0.801231
minmax,45,0.703637
minmax,46,0.744346
minmax,47,0.630992
minmax,48,0.776589
minmax,49,0.634256
minmax,50,0.65717
minmax,51,0.775982
minmax,52,0.58724
minmax,53,0.560281
minmax,54,0.617389
minmax,55,0.57048
minmax,56,0.600665
minmax,57,0.713602
minmax,58,0.747418
minmax,59,0.667444
minmax,60,0.661581
minmax,61,0.602693
minmax,62,0.647162
minmax,63,0.615341
minmax,64,0.535769
minmax,0,25.9124
minmax,1,26.8163
minmax,2,15.0554
minmax,3,11.0624
minmax,4,8.95319
minmax,5,6.14239
minmax,6,5.51725
minmax,7,4.74437
minmax,8,3.57792
minmax,9,3.44445
minmax,10,3.06737
minmax,11,2.8691
minmax,12,2.59327
minmax,13,2.34747
minmax,14,2.13901
minmax,15,2.02162
minmax,16,1.89472
minmax,17,1.60323
minmax,18,1.6252
minmax,19,1.7546
minmax,20,1.47443
minmax,21,1.55798
minmax,22,1.26309
minmax,23,1.27565
minmax,24,1.16257
minmax,25,1.0788
minmax,26,1.46503
minmax,27,1.27119
minmax,28,1.1788
minmax,29,1.01095
minmax,30,1.03305
minmax,31,1.01911
minmax,32,1.01756
minmax,33,0.907683
minmax,34,0.816966
minmax,35,0.805421
minmax,36,0.953807
minmax,37,0.884655
minmax,38,0.836005
minmax,39,0.86163
minmax,40,0.803588
minmax,41,0.746711
minmax,42,0.760646
minmax,43,0.963855
minmax,44,0.686175
minmax,45,0.79837
minmax,46,0.758578
minmax,47,0.642228
minmax,48,0.674909
minmax,49,0.639442
minmax,50,0.684065
minmax,51,0.686707
minmax,52,0.613707
minmax,53,0.628722
minmax,54,0.66327
minmax,55,0.541685
minmax,56,0.649174
minmax,57,0.713656
minmax,58,0.723217
minmax,59,0.666332
minmax,60,0.615021
minmax,61,0.494834
minmax,62,0.526073
minmax,63,0.648474
minmax,64,0.552299
minmax-col,0,52.8978
minmax-col,1,52.3147
minmax-col,2,27.3628
minmax-col,3,19.3927
minmax-col,4,15.0724
minmax-col,5,11.1097
minmax-col,6,9.55898
minmax-col,7,7.9704
minmax-col,8,6.80435
minmax-col,9,6.54913
minmax-col,10,6.10964
minmax-col,11,5.11103
minmax-col,12,4.82632
minmax-col,13,4.3341
minmax-col,14,4.10685
minmax-col,15,3.99409
minmax-col,16,3.64782
minmax-col,17,3.59296
minmax-col,18,3.38722
minmax-col,19,3.08376
minmax-col,20,2.91876
minmax-col,21,2.80705
minmax-col,22,2.71134
minmax-col,23,2.63356
minmax-col,24,2.63361
minmax-col,25,2.74151
minmax-col,26,2.55828
minmax-col,27,2.75105
minmax-col,28,2.35552
minmax-col,29,2.75295
minmax-col,30,2.56459
minmax-col,31,2.91829
minmax-col,32,2.81453
minmax-col,33,2.58869
minmax-col,34,2.75756
minmax-col,35,2.34138
minmax-col,36,2.75563
minmax-col,37,2.65974
minmax-col,38,2.65785
minmax-col,39,3.07349
minmax-col,40,1.67744
minmax-col,41,2.99932
minmax-col,42,2.64954
minmax-col,43,2.84489
minmax-col,44,3.92628
minmax-col,45,1.95247
minmax-col,46,3.0219
minmax-col,47,2.9881
minmax-col,48,4.63733
minmax-col,49,4.84515
minmax-col,50,2.96168
minmax-col,51,3.99654
minmax-col,52,3.50315
minmax-col,53,5.00604
minmax-col,54,2.54342
minmax-col,55,5.3677
minmax-col,56,5.27306
minmax-col,57,5.92627
minmax-col,58,6.38669
minmax-col,59,3.54568
minmax-col,60,5.20321
